sha	subject	files	status	classification	code_touch	disposition	evidence
0b37448748d57191c99b7d43969f08c66cec5798	WIP: add TurboQuant KV cache types (turbo3, turbo4)	common/arg.cpp,ggml/include/ggml.h,ggml/src/CMakeLists.txt,ggml/src/ggml-common.h,ggml/src/ggml-quants.h,ggml/src/ggml-turbo-quant.c,ggml/src/ggml.c	not_patch_equivalent	UNRESOLVED_CODE	1	INTENTIONAL_DROP	common/arg.cpp: exploratory/superseded step intentionally not replayed; current TurboQuant implementation in this file reflects later integrated behavior.
b37e5f0f2fc9739a418ead63145729c337b95e00	feat: Metal kernels for TurboQuant KV cache (turbo3, turbo4) #21	ggml/src/ggml-metal/ggml-metal-device.m,ggml/src/ggml-metal/ggml-metal.metal	not_patch_equivalent	UNRESOLVED_CODE	1	PORTED_DIFFERENTLY	ggml/src/ggml-metal/ggml-metal-device.m: non-equivalent hunk, but TurboQuant behavior is present via rebased/combined implementation in current HEAD for this file path.
63e25a58d5b56c6aadc04dc3d74096b1bf2fa464	feat: full TurboQuant with rotation matrices in Metal kernels #21	ggml/src/ggml-metal/ggml-metal.metal,ggml/src/ggml-metal/turbo-matrices.h	not_patch_equivalent	UNRESOLVED_CODE	1	PORTED_DIFFERENTLY	ggml/src/ggml-metal/ggml-metal.metal: non-equivalent hunk, but TurboQuant behavior is present via rebased/combined implementation in current HEAD for this file path.
f40ccae6e204118882421fa9afc6ec2952f6a68e	feat: inline rotation matrices in Metal shader + C round-trip test #21	ggml/src/ggml-metal/ggml-metal.metal,tests/test-turbo-quant.c	not_patch_equivalent	UNRESOLVED_CODE	1	PORTED_DIFFERENTLY	ggml/src/ggml-metal/ggml-metal.metal: non-equivalent hunk, but TurboQuant behavior is present via rebased/combined implementation in current HEAD for this file path.
d10ca517463031b9e53af757ead6ac77512a080a	fix: remove thread static from Metal dequantize, fix stale code #23	ggml/src/ggml-metal/ggml-metal.metal	not_patch_equivalent	UNRESOLVED_CODE	1	PORTED_DIFFERENTLY	ggml/src/ggml-metal/ggml-metal.metal: non-equivalent hunk, but TurboQuant behavior is present via rebased/combined implementation in current HEAD for this file path.
377727552f4d3e595b71f582a8982d24be7bd023	feat: replace dense 128x128 matvec with Fast Walsh-Hadamard rotation #26	ggml/src/ggml-metal/ggml-metal.metal,ggml/src/ggml-metal/turbo-wht.h	not_patch_equivalent	UNRESOLVED_CODE	1	PORTED_DIFFERENTLY	ggml/src/ggml-metal/ggml-metal.metal: non-equivalent hunk, but TurboQuant behavior is present via rebased/combined implementation in current HEAD for this file path.
fa5223686538364daca73f311b39b38c26b45d99	docs: detailed speed investigation plan for TurboQuant Metal shader #23	docs/turbo-speed-investigation.md	not_patch_equivalent	UNRESOLVED_NONCODE	0	INTENTIONAL_DROP	docs/turbo-speed-investigation.md: non-runtime/docs/ci or transient artifact intentionally not required for runtime parity.
8cf626a709e52e2aad789404eac2829ad9c66673	docs: log simd_broadcast attempt — no speed improvement #23	docs/turbo-speed-investigation.md	not_patch_equivalent	UNRESOLVED_NONCODE	0	INTENTIONAL_DROP	docs/turbo-speed-investigation.md: non-runtime/docs/ci or transient artifact intentionally not required for runtime parity.
2448468a35594c0fd7e5e56c1ab1bf056013af42	docs: log threadgroup attempt — no speed improvement, rethinking #23	docs/turbo-speed-investigation.md	not_patch_equivalent	UNRESOLVED_NONCODE	0	INTENTIONAL_DROP	docs/turbo-speed-investigation.md: non-runtime/docs/ci or transient artifact intentionally not required for runtime parity.
d675e128f0193177a2d5b24cdfeeb5799c2fda1e	docs: CRITICAL — dequant is NOT the bottleneck, no-op still 2.4 tok/s #23	docs/turbo-speed-investigation.md	not_patch_equivalent	UNRESOLVED_NONCODE	0	INTENTIONAL_DROP	docs/turbo-speed-investigation.md: non-runtime/docs/ci or transient artifact intentionally not required for runtime parity.
adfbc595b653db79884c843ac03f8ff1b64d4d26	fix: inline turbo-wht.h — was causing CPU fallback, not Metal! #23	ggml/src/ggml-metal/ggml-metal-ops.cpp,ggml/src/ggml-metal/ggml-metal.metal	not_patch_equivalent	UNRESOLVED_CODE	1	PORTED_DIFFERENTLY	ggml/src/ggml-metal/ggml-metal-ops.cpp: non-equivalent hunk, but TurboQuant behavior is present via rebased/combined implementation in current HEAD for this file path.
e8f23eb76681337e4ad7d1082be8d2d4dc767897	docs: real Metal benchmarks after #include fix — 8× gap not 35× #23	docs/turbo-speed-investigation.md	not_patch_equivalent	UNRESOLVED_NONCODE	0	INTENTIONAL_DROP	docs/turbo-speed-investigation.md: non-runtime/docs/ci or transient artifact intentionally not required for runtime parity.
447ca7975c5756029e677b7d141c307f93ddc5b2	docs: final investigation summary + upstream tracking #23 #27	docs/turbo-speed-investigation.md	not_patch_equivalent	UNRESOLVED_NONCODE	0	INTENTIONAL_DROP	docs/turbo-speed-investigation.md: non-runtime/docs/ci or transient artifact intentionally not required for runtime parity.
57873611293cb5cd214b784f8ecc058cf461ca25	docs: upstream competitive intel — pre-rotate-queries is the key #28	docs/turbo-speed-investigation.md	not_patch_equivalent	UNRESOLVED_NONCODE	0	INTENTIONAL_DROP	docs/turbo-speed-investigation.md: non-runtime/docs/ci or transient artifact intentionally not required for runtime parity.
786f0c93707f3f6198eeb2482a2d38274c130797	docs: speed ceiling test — 49 tok/s without dequant rotation (4.6× gain) #23	docs/turbo-speed-investigation.md	not_patch_equivalent	UNRESOLVED_NONCODE	0	INTENTIONAL_DROP	docs/turbo-speed-investigation.md: non-runtime/docs/ci or transient artifact intentionally not required for runtime parity.
79c08dd3fa0eab16a65ed0619a617e95166f2259	docs: pre-rotate-queries implementation plan + speed ceiling 49 tok/s	docs/pre-rotate-queries-plan.md,src/turbo-rotation-data.h	not_patch_equivalent	UNRESOLVED_CODE	1	INTENTIONAL_DROP	docs/pre-rotate-queries-plan.md: exploratory/superseded step intentionally not replayed; current TurboQuant implementation in this file reflects later integrated behavior.
808e1717e9dea11b607ebb1ab801b71fc8797b81	feat: pre-rotate-queries optimization — 51.4 tok/s (5× speedup) #23	ggml/src/ggml-metal/ggml-metal.metal,src/llama-graph.cpp,src/llama-kv-cache.cpp,src/llama-kv-cache.h,src/turbo-rotation-data.h	not_patch_equivalent	UNRESOLVED_CODE	1	PORTED_DIFFERENTLY	ggml/src/ggml-metal/ggml-metal.metal: non-equivalent hunk, but TurboQuant behavior is present via rebased/combined implementation in current HEAD for this file path.
ac157eeaf4478d6c1acdd976abdb9d2922198cbf	docs: final investigation summary — 2.4 → 51.4 tok/s journey complete #23	docs/turbo-speed-investigation.md	not_patch_equivalent	UNRESOLVED_NONCODE	0	INTENTIONAL_DROP	docs/turbo-speed-investigation.md: non-runtime/docs/ci or transient artifact intentionally not required for runtime parity.
d044965e52f04c1790eb1e04ecbe34a817509169	feat: MSE-only mode — drop QJL, all 3 bits to PolarQuant #23	ggml/src/ggml-metal/ggml-metal.metal	not_patch_equivalent	UNRESOLVED_CODE	1	PORTED_DIFFERENTLY	ggml/src/ggml-metal/ggml-metal.metal: non-equivalent hunk, but TurboQuant behavior is present via rebased/combined implementation in current HEAD for this file path.
068715cb81b0b4a5ed06bfac9c30a04571b0cc7a	docs: Change 2 not needed — Q rotation overhead is negligible	docs/turbo-speed-investigation.md	not_patch_equivalent	UNRESOLVED_NONCODE	0	INTENTIONAL_DROP	docs/turbo-speed-investigation.md: non-runtime/docs/ci or transient artifact intentionally not required for runtime parity.
c551be49457493d9205d0314ebe840e96c96242a	docs: block size is the bottleneck — q4_0 at block 32 = 100% of q8_0	docs/turbo-speed-investigation.md	not_patch_equivalent	UNRESOLVED_NONCODE	0	INTENTIONAL_DROP	docs/turbo-speed-investigation.md: non-runtime/docs/ci or transient artifact intentionally not required for runtime parity.
fff20923bfd5f9b458ee0d423c6ba5a90b75ef1d	feat: block size 32 — 77.7 tok/s MoE (91% of q8_0), 17.0 Qwopus (97%) 🎉	ggml/src/ggml-common.h,ggml/src/ggml-metal/ggml-metal.metal,ggml/src/ggml-turbo-quant.c	not_patch_equivalent	UNRESOLVED_CODE	1	PORTED_DIFFERENTLY	ggml/src/ggml-common.h: non-equivalent hunk, but TurboQuant behavior is present via rebased/combined implementation in current HEAD for this file path.
6a52a438a865437f0550bcaa3baefec7930d94c7	fix: TURBO_D=128 independent of QK_TURBO3, file turbo4 bugs #29	ggml/src/ggml-turbo-quant.c	present_exact_or_equivalent_in_tree	PORTED_EXACT_TREE	1	PORTED_DIFFERENTLY	ggml/src/ggml-turbo-quant.c: commit is represented in tree/history by exact or patch-equivalent integration.
2462ab3fdb0c7c769fbc6a4c17bc6708a46a43f9	docs: final investigation log — 77.7 tok/s, 91% of q8_0	docs/turbo-speed-investigation.md	not_patch_equivalent	UNRESOLVED_NONCODE	0	INTENTIONAL_DROP	docs/turbo-speed-investigation.md: non-runtime/docs/ci or transient artifact intentionally not required for runtime parity.
b4270ecbbbd90d7c39ea258d7d8d33085dd33098	CRITICAL: turbo3 perplexity is 165.6 vs q8_0 6.1 — quality broken #30	docs/quality-benchmarks.md,ggml/src/ggml-metal/ggml-metal.metal	not_patch_equivalent	UNRESOLVED_CODE	1	INTENTIONAL_DROP	docs/quality-benchmarks.md: exploratory/superseded step intentionally not replayed; current TurboQuant implementation in this file reflects later integrated behavior.
8755e2611a1bf59f4f6d0518513b58231160f346	CRITICAL: found TWO root causes for PPL=165 #30	docs/quality-benchmarks.md,src/llama-kv-cache.cpp,src/llama-kv-cache.h,src/turbo-rotation-data.h	not_patch_equivalent	UNRESOLVED_CODE	1	INTENTIONAL_DROP	docs/quality-benchmarks.md: exploratory/superseded step intentionally not replayed; current TurboQuant implementation in this file reflects later integrated behavior.
b0234bdf2a94a01c6da909be18e38338e533b134	docs: bisect confirms block size innocent, rotation access is the bug #31	docs/quality-benchmarks.md,ggml/src/ggml-common.h,ggml/src/ggml-metal/ggml-metal.metal	not_patch_equivalent	UNRESOLVED_CODE	1	INTENTIONAL_DROP	docs/quality-benchmarks.md: exploratory/superseded step intentionally not replayed; current TurboQuant implementation in this file reflects later integrated behavior.
ebe0a23bc6f5cd6df3ea65d0be9ed78394d09f54	fix: restore inverse rotation in dequant — PPL 6.19 (1.2% of q8_0) #31 #30	ggml/src/ggml-metal/ggml-metal.metal,src/llama-kv-cache.cpp,src/llama-kv-cache.h,src/llama-memory-hybrid.cpp,src/llama-memory-hybrid.h,src/llama-memory.h	not_patch_equivalent	UNRESOLVED_CODE	1	PORTED_DIFFERENTLY	ggml/src/ggml-metal/ggml-metal.metal: non-equivalent hunk, but TurboQuant behavior is present via rebased/combined implementation in current HEAD for this file path.
091e12a5a67eb24a11b543f38f7a223c5f725bbd	docs: perplexity 6.194 confirmed — 1.4% of q8_0 #30	docs/quality-benchmarks.md	not_patch_equivalent	UNRESOLVED_NONCODE	0	INTENTIONAL_DROP	docs/quality-benchmarks.md: non-runtime/docs/ci or transient artifact intentionally not required for runtime parity.
538e5af425229d09989f77b42381a3e8efe4a62d	docs: complete quality benchmark summary + lessons learned #30	docs/quality-benchmarks.md	not_patch_equivalent	UNRESOLVED_NONCODE	0	INTENTIONAL_DROP	docs/quality-benchmarks.md: non-runtime/docs/ci or transient artifact intentionally not required for runtime parity.
7300255c837aedfce7fba9385fa9b83c6952665a	perf: fp16 WHT dequant + SIMD cooperative dequant — 45% speedup	docs/pre-rotate-queries-investigation.md,docs/quality-benchmarks.md,docs/turbo-speed-investigation.md,ggml/src/ggml-metal/ggml-metal.metal,scripts/turbo-quality-gate.sh,src/llama-graph.cpp,src/llama-kv-cache.cpp,src/llama-kv-cache.h	not_patch_equivalent	UNRESOLVED_CODE	1	PORTED_DIFFERENTLY	docs/pre-rotate-queries-investigation.md: non-equivalent hunk, but TurboQuant behavior is present via rebased/combined implementation in current HEAD for this file path.
095aa0ba06ec54498668104ef03dbc38860f9a85	chore: move turboquant docs to turboquant_plus repo	docs/pre-rotate-queries-investigation.md,docs/pre-rotate-queries-plan.md,docs/quality-benchmarks.md,docs/turbo-speed-investigation.md,scripts/turbo-quality-gate.sh	present_exact_or_equivalent_in_tree	PORTED_EXACT_TREE	0	PORTED_DIFFERENTLY	docs/pre-rotate-queries-investigation.md: commit is represented in tree/history by exact or patch-equivalent integration.
557b03374a2364a90032085e3a0fc02ad6cff960	perf: vectorized half4 WHT butterfly — 31% speedup (1074 → 1411 tok/s)	ggml/src/ggml-metal/ggml-metal.metal	not_patch_equivalent	UNRESOLVED_CODE	1	PORTED_DIFFERENTLY	ggml/src/ggml-metal/ggml-metal.metal: non-equivalent hunk, but TurboQuant behavior is present via rebased/combined implementation in current HEAD for this file path.
cc31405c57a7941462ab9969ccd27db4efeb9798	perf: pre-packed half4 sign arrays — minor speedup (1411 → 1424 tok/s)	ggml/src/ggml-metal/ggml-metal.metal	not_patch_equivalent	UNRESOLVED_CODE	1	PORTED_DIFFERENTLY	ggml/src/ggml-metal/ggml-metal.metal: non-equivalent hunk, but TurboQuant behavior is present via rebased/combined implementation in current HEAD for this file path.
4de7c1c88a0284581e9ae9b7529c1e823d4ff8f7	perf: graph-side WHT rotation — 2095 tok/s (0.78x q8_0, was 0.53x)	ggml/src/ggml-metal/ggml-metal.metal,src/llama-graph.cpp	not_patch_equivalent	UNRESOLVED_CODE	1	PORTED_DIFFERENTLY	ggml/src/ggml-metal/ggml-metal.metal: non-equivalent hunk, but TurboQuant behavior is present via rebased/combined implementation in current HEAD for this file path.
e5b7470af70e918b137356614c568bb68497338d	perf: block-32 + graph WHT — 2747 tok/s (1.02x q8_0!!!)	ggml/src/ggml-common.h,ggml/src/ggml-metal/ggml-metal.metal	not_patch_equivalent	UNRESOLVED_CODE	1	PORTED_DIFFERENTLY	ggml/src/ggml-common.h: non-equivalent hunk, but TurboQuant behavior is present via rebased/combined implementation in current HEAD for this file path.
73f00086e64e7a293ab6e13fe02a3b4d2c7ebc27	feat: layer-adaptive KV cache — q8_0 quality with 80% turbo3 compression	src/llama-kv-cache.cpp	not_patch_equivalent	UNRESOLVED_CODE	1	PORTED_DIFFERENTLY	src/llama-kv-cache.cpp: non-equivalent hunk, but TurboQuant behavior is present via rebased/combined implementation in current HEAD for this file path.
701e08531238e1dea5b8d7439feaf8ba554de1c6	fix: address Codex review on layer-adaptive — thread safety + underflow guard	src/llama-kv-cache.cpp	not_patch_equivalent	UNRESOLVED_CODE	1	PORTED_DIFFERENTLY	src/llama-kv-cache.cpp: non-equivalent hunk, but TurboQuant behavior is present via rebased/combined implementation in current HEAD for this file path.
62675485c9a6372c07af90d16f1835902ac60aeb	wip: context scaling fix — skip unnecessary ggml_cont + 32x32 rotation data	src/llama-graph.cpp,src/turbo-rotation-data-32.h	not_patch_equivalent	UNRESOLVED_CODE	1	INTENTIONAL_DROP	src/llama-graph.cpp: exploratory/superseded step intentionally not replayed; current TurboQuant implementation in this file reflects later integrated behavior.
af0cb0ae5e57fbf9195653500585cd37ebee1341	experiment: group-32 rotation FAILED — PPL 7.06 (target 6.19)	src/turbo-rotation-data-32.h	present_exact_or_equivalent_in_tree	PORTED_EXACT_TREE	1	PORTED_DIFFERENTLY	src/turbo-rotation-data-32.h: commit is represented in tree/history by exact or patch-equivalent integration.
012faec2666a7a33fe7ee48bd81122c8345a03d1	feat: add GGML_OP_TURBO_WHT — custom O(d log d) Walsh-Hadamard Transform	ggml/include/ggml.h,ggml/src/ggml-cpu/ggml-cpu.c,ggml/src/ggml-cpu/ops.cpp,ggml/src/ggml-cpu/ops.h,ggml/src/ggml-metal/ggml-metal-device.cpp,ggml/src/ggml-metal/ggml-metal-device.h,ggml/src/ggml-metal/ggml-metal-device.m,ggml/src/ggml-metal/ggml-metal-impl.h,ggml/src/ggml-metal/ggml-metal-ops.cpp,ggml/src/ggml-metal/ggml-metal-ops.h,ggml/src/ggml-metal/ggml-metal.metal,ggml/src/ggml.c,src/llama-graph.cpp	not_patch_equivalent	UNRESOLVED_CODE	1	PORTED_DIFFERENTLY	ggml/include/ggml.h: non-equivalent hunk, but TurboQuant behavior is present via rebased/combined implementation in current HEAD for this file path.
7173be94116c76b4a25b15028b853dc946247c1d	perf: optimized turbo3 dequant — eliminates context scaling regression	ggml/src/ggml-metal/ggml-metal.metal	not_patch_equivalent	UNRESOLVED_CODE	1	PORTED_DIFFERENTLY	ggml/src/ggml-metal/ggml-metal.metal: non-equivalent hunk, but TurboQuant behavior is present via rebased/combined implementation in current HEAD for this file path.
8fa5bff17f92b9518412cbb0f43ebf4f67a68c2b	ci: quality+speed gate script — PPL + context scaling check before push	scripts/turbo-quality-gate.sh	not_patch_equivalent	UNRESOLVED_NONCODE	0	INTENTIONAL_DROP	scripts/turbo-quality-gate.sh: non-runtime/docs/ci or transient artifact intentionally not required for runtime parity.
b696c5da151c210a120c4066e5c35c74e85dfc15	perf: fp16 centroid LUT — decode +6-14% at long context (#33)	ggml/src/ggml-metal/ggml-metal.metal	not_patch_equivalent	UNRESOLVED_CODE	1	PORTED_DIFFERENTLY	ggml/src/ggml-metal/ggml-metal.metal: non-equivalent hunk, but TurboQuant behavior is present via rebased/combined implementation in current HEAD for this file path.
e398a4e289b0bdc3731f825a7feaf3dfb7567808	perf: float norm broadcast in vec dequant — decode +2-3% over fp16 LUT	ggml/src/ggml-metal/ggml-metal.metal	not_patch_equivalent	UNRESOLVED_CODE	1	PORTED_DIFFERENTLY	ggml/src/ggml-metal/ggml-metal.metal: non-equivalent hunk, but TurboQuant behavior is present via rebased/combined implementation in current HEAD for this file path.
5e6277b6f2bfaa24b6e9cdeac4f03de86dbf362e	fix: add turbo3/turbo4 cache types to llama-bench arg parser	tools/llama-bench/llama-bench.cpp	not_patch_equivalent	UNRESOLVED_CODE	1	PORTED_DIFFERENTLY	tools/llama-bench/llama-bench.cpp: non-equivalent hunk, but TurboQuant behavior is present via rebased/combined implementation in current HEAD for this file path.
6c9cfb1befbe9d286c949f85fda198d3ff77a8ef	experiment: split 2x4-entry constant LUT for M1 decode fix	ggml/src/ggml-metal/ggml-metal.metal	not_patch_equivalent	UNRESOLVED_CODE	1	INTENTIONAL_DROP	ggml/src/ggml-metal/ggml-metal.metal: exploratory/superseded step intentionally not replayed; current TurboQuant implementation in this file reflects later integrated behavior.
d96703ac4f9ab33be893ce149386e1be0e30ace2	fix: Metal shader comment accuracy per Codex review	ggml/src/ggml-metal/ggml-metal.metal,turbo-diag-20260326-090809.txt,turbo-diag-20260326-090816.txt	not_patch_equivalent	UNRESOLVED_CODE	1	PORTED_DIFFERENTLY	ggml/src/ggml-metal/ggml-metal.metal: non-equivalent hunk, but TurboQuant behavior is present via rebased/combined implementation in current HEAD for this file path.
33b3d8a6c4f6459c90a31bdc140231bba4a59e2c	cleanup: remove stray diagnostic output files	turbo-diag-20260326-090809.txt,turbo-diag-20260326-090816.txt	present_exact_or_equivalent_in_tree	PORTED_EXACT_TREE	0	PORTED_DIFFERENTLY	turbo-diag-20260326-090809.txt: commit is represented in tree/history by exact or patch-equivalent integration.
440d324f2d5ecf2fe1d604a8f5269a9aee135b48	feat: turbo3 norm correction — PPL 6.211 → 6.176 (free quality win)	ggml/src/ggml-metal/ggml-metal.metal	present_exact_or_equivalent_in_tree	PORTED_EXACT_TREE	1	PORTED_DIFFERENTLY	ggml/src/ggml-metal/ggml-metal.metal: commit is represented in tree/history by exact or patch-equivalent integration.
4bf7ddc1559f2728644e3bd3472ee0ea7d5caa33	fix: auto-enable flash attention for turbo cache types + fix ggml context overflow	src/llama-context.cpp,src/llama-kv-cache.cpp	not_patch_equivalent	UNRESOLVED_CODE	1	PORTED_DIFFERENTLY	src/llama-context.cpp: non-equivalent hunk, but TurboQuant behavior is present via rebased/combined implementation in current HEAD for this file path.
884da3f00df701037b0a73e8febc3f00f932db2a	experiment: register centroid LUT tested — register spill on Metal	ggml/src/ggml-metal/ggml-metal.metal	not_patch_equivalent	UNRESOLVED_CODE	1	INTENTIONAL_DROP	ggml/src/ggml-metal/ggml-metal.metal: exploratory/superseded step intentionally not replayed; current TurboQuant implementation in this file reflects later integrated behavior.
3eca09aec53ebbad23510782295fa0724004721f	fix: turbo4 SET_ROWS corruption, tail-block truncation, constant coupling (Issue #29)	ggml/src/ggml-metal/ggml-metal-ops.cpp,ggml/src/ggml-metal/ggml-metal.metal,ggml/src/ggml-turbo-quant.c	not_patch_equivalent	UNRESOLVED_CODE	1	PORTED_DIFFERENTLY	ggml/src/ggml-metal/ggml-metal-ops.cpp: non-equivalent hunk, but TurboQuant behavior is present via rebased/combined implementation in current HEAD for this file path.
a5a0f7b86f46022f166a05265313256ec14101bc	fix: stack overflow in turbo4 CPU init — 64KB array on worker thread stack	ggml/src/ggml-turbo-quant.c	not_patch_equivalent	UNRESOLVED_CODE	1	PORTED_DIFFERENTLY	ggml/src/ggml-turbo-quant.c: non-equivalent hunk, but TurboQuant behavior is present via rebased/combined implementation in current HEAD for this file path.
06a6b6226ceb7ba96bba4b3cd983f294acb6f2de	experiment: batched byte extraction + explicit bit field pre-extract	ggml/src/ggml-metal/ggml-metal.metal	not_patch_equivalent	UNRESOLVED_CODE	1	INTENTIONAL_DROP	ggml/src/ggml-metal/ggml-metal.metal: exploratory/superseded step intentionally not replayed; current TurboQuant implementation in this file reflects later integrated behavior.
86a5bbf621f758f32ceded819ca3572ced2de07b	experiment: profiling modes for turbo3 decode bottleneck isolation	ggml/src/ggml-metal/ggml-metal-device.m,ggml/src/ggml-metal/ggml-metal.metal	not_patch_equivalent	UNRESOLVED_CODE	1	INTENTIONAL_DROP	ggml/src/ggml-metal/ggml-metal-device.m: exploratory/superseded step intentionally not replayed; current TurboQuant implementation in this file reflects later integrated behavior.
baa61162312c437859a45d48fedac06446770271	experiment: 4-entry magnitude LUT + branchless sign (XOR trick)	ggml/src/ggml-metal/ggml-metal.metal	not_patch_equivalent	UNRESOLVED_CODE	1	INTENTIONAL_DROP	ggml/src/ggml-metal/ggml-metal.metal: exploratory/superseded step intentionally not replayed; current TurboQuant implementation in this file reflects later integrated behavior.
1c2e558a570c843535d12faf6d27d00e038ec653	experiment: force non-vec FA path for turbo3 (nl=2 vs nl=8)	ggml/src/ggml-metal/ggml-metal-ops.cpp	not_patch_equivalent	UNRESOLVED_CODE	1	INTENTIONAL_DROP	ggml/src/ggml-metal/ggml-metal-ops.cpp: exploratory/superseded step intentionally not replayed; current TurboQuant implementation in this file reflects later integrated behavior.
c5273337c81c2cd3d472c398e10823d1c5124b78	experiment: zero-LUT select chain — 2-level ternary, no constant memory	ggml/src/ggml-metal/ggml-metal.metal	not_patch_equivalent	UNRESOLVED_CODE	1	INTENTIONAL_DROP	ggml/src/ggml-metal/ggml-metal.metal: exploratory/superseded step intentionally not replayed; current TurboQuant implementation in this file reflects later integrated behavior.
f19c98c50f5fcf9b2beb43c8f099184b25eee620	feat: auto-detect hardware, use 4-mag LUT on pre-M5 (+38-45% decode)	ggml/src/ggml-metal/ggml-metal-device.m,ggml/src/ggml-metal/ggml-metal.metal	not_patch_equivalent	UNRESOLVED_CODE	1	PORTED_DIFFERENTLY	ggml/src/ggml-metal/ggml-metal-device.m: non-equivalent hunk, but TurboQuant behavior is present via rebased/combined implementation in current HEAD for this file path.
fbd5ec9d546b283fec33adc9a9ff38be346f4f32	experiment: 2-pair half2 LUT — only 2 constant addresses per lookup	ggml/src/ggml-metal/ggml-metal.metal	not_patch_equivalent	UNRESOLVED_CODE	1	INTENTIONAL_DROP	ggml/src/ggml-metal/ggml-metal.metal: exploratory/superseded step intentionally not replayed; current TurboQuant implementation in this file reflects later integrated behavior.
7c2d880907e972a3fcb300f067d428c0c0c21201	experiment: deferred norm multiply (batch float4 * norm at end)	ggml/src/ggml-metal/ggml-metal.metal	not_patch_equivalent	UNRESOLVED_CODE	1	INTENTIONAL_DROP	ggml/src/ggml-metal/ggml-metal.metal: exploratory/superseded step intentionally not replayed; current TurboQuant implementation in this file reflects later integrated behavior.
35034f142bd92188802093391410c283f97f4e05	revert to proven 4-mag + per-element norm (deferred norm was slower)	ggml/src/ggml-metal/ggml-metal.metal	not_patch_equivalent	UNRESOLVED_CODE	1	INTENTIONAL_DROP	ggml/src/ggml-metal/ggml-metal.metal: exploratory/superseded step intentionally not replayed; current TurboQuant implementation in this file reflects later integrated behavior.
616c7b9e3899192bd1fc911fd86fc3102660cab4	experiment: named-register centroid×norm — 4 constant reads upfront, zero divergence, ternary select	ggml/src/ggml-metal/ggml-metal.metal	not_patch_equivalent	UNRESOLVED_CODE	1	INTENTIONAL_DROP	ggml/src/ggml-metal/ggml-metal.metal: exploratory/superseded step intentionally not replayed; current TurboQuant implementation in this file reflects later integrated behavior.
73d512c3737eaffae86e4cb95c490a575c0c747a	revert to 4-mag LUT (proven best), document all findings	ggml/src/ggml-metal/ggml-metal.metal	not_patch_equivalent	UNRESOLVED_CODE	1	INTENTIONAL_DROP	ggml/src/ggml-metal/ggml-metal.metal: exploratory/superseded step intentionally not replayed; current TurboQuant implementation in this file reflects later integrated behavior.
bdcd8ec67dd3d99005e026fc1d6ea929eba6c128	experiment: inline block processing — bypass template dequant in FA inner loop	ggml/src/ggml-metal/ggml-metal-device.m,ggml/src/ggml-metal/ggml-metal.metal	not_patch_equivalent	UNRESOLVED_CODE	1	INTENTIONAL_DROP	ggml/src/ggml-metal/ggml-metal-device.m: exploratory/superseded step intentionally not replayed; current TurboQuant implementation in this file reflects later integrated behavior.
b596a5c6c3cd714d487d0bde0c6bab52a690f784	experiment: inline block WORSE on M2 (-10-15%), reverted to 4-mag	ggml/src/ggml-metal/ggml-metal-device.m,ggml/src/ggml-metal/ggml-metal.metal	not_patch_equivalent	UNRESOLVED_CODE	1	INTENTIONAL_DROP	ggml/src/ggml-metal/ggml-metal-device.m: exploratory/superseded step intentionally not replayed; current TurboQuant implementation in this file reflects later integrated behavior.
34f7c398492d2e7c479d1c8a54dcdbcf3f4f24d3	experiment: FULLY BRANCHLESS FMA decode — zero ternary, zero memory, zero branch	ggml/src/ggml-metal/ggml-metal.metal	not_patch_equivalent	UNRESOLVED_CODE	1	INTENTIONAL_DROP	ggml/src/ggml-metal/ggml-metal.metal: exploratory/superseded step intentionally not replayed; current TurboQuant implementation in this file reflects later integrated behavior.
9637c1c1ffa43e1cd2fa14130cbc3b235a24dea5	final: 12 approaches tested, 4-mag LUT is the hardware limit	ggml/src/ggml-metal/ggml-metal.metal	not_patch_equivalent	UNRESOLVED_CODE	1	INTENTIONAL_DROP	ggml/src/ggml-metal/ggml-metal.metal: exploratory/superseded step intentionally not replayed; current TurboQuant implementation in this file reflects later integrated behavior.
5755740e7134031f77cbdf0e2e8c9df16896dfbd	experiment: SIMD SHUFFLE magnitude select — cross-lane LUT replacement	ggml/src/ggml-metal/ggml-metal-device.m,ggml/src/ggml-metal/ggml-metal.metal	not_patch_equivalent	UNRESOLVED_CODE	1	INTENTIONAL_DROP	ggml/src/ggml-metal/ggml-metal-device.m: exploratory/superseded step intentionally not replayed; current TurboQuant implementation in this file reflects later integrated behavior.
927e68a1c02b60e122c4352b7ed5d20d0a1689ee	experiment: simd_shuffle 14.7 at 8K — close to 4-mag (15.1) but not better	ggml/src/ggml-metal/ggml-metal-device.m	not_patch_equivalent	UNRESOLVED_CODE	1	INTENTIONAL_DROP	ggml/src/ggml-metal/ggml-metal-device.m: exploratory/superseded step intentionally not replayed; current TurboQuant implementation in this file reflects later integrated behavior.
4b44b2baffeb23cd56f3a2ffbec2f6a5249dd07a	experiment: fused block dot — per-centroid Q accumulation, 4 constant reads total	ggml/src/ggml-metal/ggml-metal-device.m,ggml/src/ggml-metal/ggml-metal.metal	not_patch_equivalent	UNRESOLVED_CODE	1	INTENTIONAL_DROP	ggml/src/ggml-metal/ggml-metal-device.m: exploratory/superseded step intentionally not replayed; current TurboQuant implementation in this file reflects later integrated behavior.
d9ba9bf2c43a57b062188a64a1560acb96cad367	experiment: fused block dot 8.1 at 8K — worst result, 64 comparisons kill it	ggml/src/ggml-metal/ggml-metal-device.m	not_patch_equivalent	UNRESOLVED_CODE	1	INTENTIONAL_DROP	ggml/src/ggml-metal/ggml-metal-device.m: exploratory/superseded step intentionally not replayed; current TurboQuant implementation in this file reflects later integrated behavior.
b3cd6a769e6471cfeffa78621f8a9bfc9b86f0eb	experiment: 4-mag helps M5 at 16K (+2.4%) but hurts at 32K (-7.3%)	ggml/src/ggml-metal/ggml-metal-device.m	not_patch_equivalent	UNRESOLVED_CODE	1	INTENTIONAL_DROP	ggml/src/ggml-metal/ggml-metal-device.m: exploratory/superseded step intentionally not replayed; current TurboQuant implementation in this file reflects later integrated behavior.
927cfc1e93151a3c3b25b70fe1ea10357c6056ff	experiment: M5 LUT cost grows to 34% at 32K context	ggml/src/ggml-metal/ggml-metal-device.m	not_patch_equivalent	UNRESOLVED_CODE	1	INTENTIONAL_DROP	ggml/src/ggml-metal/ggml-metal-device.m: exploratory/superseded step intentionally not replayed; current TurboQuant implementation in this file reflects later integrated behavior.
26b0bccf1708726f78f05111c55f3d60f40de9a5	feat: sparse V dequant — +12% decode at 32K, zero quality loss	ggml/src/ggml-metal/ggml-metal-device.m,ggml/src/ggml-metal/ggml-metal.metal	not_patch_equivalent	UNRESOLVED_CODE	1	PORTED_DIFFERENTLY	ggml/src/ggml-metal/ggml-metal-device.m: non-equivalent hunk, but TurboQuant behavior is present via rebased/combined implementation in current HEAD for this file path.
de44bfe60f9b8e2a1babb8061fad6d21ac5bd9f3	feat: sparse V dequant — +22% decode at 32K on M5, auto-enabled	ggml/src/ggml-metal/ggml-metal-device.m	not_patch_equivalent	UNRESOLVED_CODE	1	PORTED_DIFFERENTLY	ggml/src/ggml-metal/ggml-metal-device.m: non-equivalent hunk, but TurboQuant behavior is present via rebased/combined implementation in current HEAD for this file path.
687b184f35bd6a0ad1e58f45dcf1a8752cab19cd	Revert "Merge pull request #4 from seanrasch/feature/turboquant-kv-cache"	ggml/src/ggml-metal/ggml-metal-ops.cpp,ggml/src/ggml-metal/ggml-metal.metal,ggml/src/ggml-turbo-quant.c	not_patch_equivalent	UNRESOLVED_CODE	1	INTENTIONAL_DROP	ggml/src/ggml-metal/ggml-metal-ops.cpp: exploratory/superseded step intentionally not replayed; current TurboQuant implementation in this file reflects later integrated behavior.
3d40ac49d8369850d96381fc3cd95fa5b0668ae9	experiment: dedicated turbo4 SET_ROWS kernel + prefill FA kernels	ggml/src/ggml-metal/ggml-metal.metal	not_patch_equivalent	UNRESOLVED_CODE	1	INTENTIONAL_DROP	ggml/src/ggml-metal/ggml-metal.metal: exploratory/superseded step intentionally not replayed; current TurboQuant implementation in this file reflects later integrated behavior.
cb4d495daf9ed1e9533edf9acdfdef19385a09c6	experiment: turbo4 2+1 bit packing — +33% decode, drop QJL	ggml/src/ggml-metal/ggml-metal.metal	not_patch_equivalent	UNRESOLVED_CODE	1	INTENTIONAL_DROP	ggml/src/ggml-metal/ggml-metal.metal: exploratory/superseded step intentionally not replayed; current TurboQuant implementation in this file reflects later integrated behavior.
280c2426a8eccb904687dfcc29aba2fe75ff36c8	experiment: direct-extract turbo4 dequant — matches turbo3 speed	ggml/src/ggml-metal/ggml-metal.metal	not_patch_equivalent	UNRESOLVED_CODE	1	INTENTIONAL_DROP	ggml/src/ggml-metal/ggml-metal.metal: exploratory/superseded step intentionally not replayed; current TurboQuant implementation in this file reflects later integrated behavior.
a56ed214d3bb75c829c1f6dc47e04538e3523ab3	experiment: 4-bit half-precision centroid LUT for turbo4 vec path	ggml/src/ggml-metal/ggml-metal.metal	not_patch_equivalent	UNRESOLVED_CODE	1	INTENTIONAL_DROP	ggml/src/ggml-metal/ggml-metal.metal: exploratory/superseded step intentionally not replayed; current TurboQuant implementation in this file reflects later integrated behavior.
b4b6a3032bbd60ae79577b3f2aac5f3fa17ee1bb	experiment: fix turbo4 struct for 4-bit — Codex-caught OOB bug	ggml/src/ggml-common.h,ggml/src/ggml-metal/ggml-metal.metal,ggml/src/ggml-turbo-quant.c	not_patch_equivalent	UNRESOLVED_CODE	1	INTENTIONAL_DROP	ggml/src/ggml-common.h: exploratory/superseded step intentionally not replayed; current TurboQuant implementation in this file reflects later integrated behavior.
c4e98a52331b06168e7511835325590fb6908b28	experiment: 8-mag LUT tested, reverted — direct 16-LUT faster on M5	ggml/src/ggml-metal/ggml-metal.metal	not_patch_equivalent	UNRESOLVED_CODE	1	INTENTIONAL_DROP	ggml/src/ggml-metal/ggml-metal.metal: exploratory/superseded step intentionally not replayed; current TurboQuant implementation in this file reflects later integrated behavior.
7053f4ddd995e78326d979424c8fbfc88267f814	experiment: add turbo4_dequant_f16 compute shader (prefill prep)	ggml/src/ggml-metal/ggml-metal.metal	present_exact_or_equivalent_in_tree	PORTED_EXACT_TREE	1	PORTED_DIFFERENTLY	ggml/src/ggml-metal/ggml-metal.metal: commit is represented in tree/history by exact or patch-equivalent integration.
e7ac14d78531439438bb612aece00bef13871942	feat: TURBO4_USE_4BIT ifdef for ABI compatibility	ggml/src/ggml-common.h,ggml/src/ggml-turbo-quant.c	not_patch_equivalent	UNRESOLVED_CODE	1	PORTED_DIFFERENTLY	ggml/src/ggml-common.h: non-equivalent hunk, but TurboQuant behavior is present via rebased/combined implementation in current HEAD for this file path.
f4d9d3ef93ce779457571c2fcc240db61af5dc80	feat: complete 4-bit C reference for turbo4 — quantize + dequant	ggml/src/ggml-turbo-quant.c	not_patch_equivalent	UNRESOLVED_CODE	1	PORTED_DIFFERENTLY	ggml/src/ggml-turbo-quant.c: non-equivalent hunk, but TurboQuant behavior is present via rebased/combined implementation in current HEAD for this file path.
5e954d43a629694656af3cda06e25f93f4e54b8a	fix: add turbo WHT rotation to ISWA build_attn — fixes Gemma 2	src/llama-graph.cpp	not_patch_equivalent	UNRESOLVED_CODE	1	PORTED_DIFFERENTLY	src/llama-graph.cpp: non-equivalent hunk, but TurboQuant behavior is present via rebased/combined implementation in current HEAD for this file path.
4489686ecd90fb6914b19c2f1c8e4e80f9248f1f	feat: CUDA port of TurboQuant3 KV cache compression (RTX 5090 / SM 12.0)	ggml/src/ggml-cuda/CMakeLists.txt,ggml/src/ggml-cuda/convert.cu,ggml/src/ggml-cuda/dequantize.cuh,ggml/src/ggml-cuda/fattn-common.cuh,ggml/src/ggml-cuda/fattn-vec.cuh,ggml/src/ggml-cuda/fattn.cu,ggml/src/ggml-cuda/ggml-cuda.cu,ggml/src/ggml-cuda/set-rows.cu,ggml/src/ggml-cuda/template-instances/fattn-vec-instance-turbo3_0-turbo3_0.cu,ggml/src/ggml-cuda/turbo-quant.cuh,ggml/src/ggml-cuda/turbo-wht.cu,ggml/src/ggml-cuda/turbo-wht.cuh	not_patch_equivalent	UNRESOLVED_CODE	1	PORTED_DIFFERENTLY	ggml/src/ggml-cuda/CMakeLists.txt: non-equivalent hunk, but TurboQuant behavior is present via rebased/combined implementation in current HEAD for this file path.
1127f5bed62f842440e9cb779d81dc4b8e5a2f13	perf: enable MMA/TILE flash attention for turbo3 — 0.97x q8_0 prefill	ggml/src/ggml-cuda/fattn.cu	not_patch_equivalent	UNRESOLVED_CODE	1	PORTED_DIFFERENTLY	ggml/src/ggml-cuda/fattn.cu: non-equivalent hunk, but TurboQuant behavior is present via rebased/combined implementation in current HEAD for this file path.
9a4afd82d31213d2a54540fd34717560186a001d	perf: parallel k_set_rows_turbo3 + optimise KQ/V dequant — +31% decode (71→94 t/s, 98.5% of F16)	ggml/src/ggml-cuda/fattn-common.cuh,ggml/src/ggml-cuda/set-rows.cu	not_patch_equivalent	UNRESOLVED_CODE	1	PORTED_DIFFERENTLY	ggml/src/ggml-cuda/fattn-common.cuh: non-equivalent hunk, but TurboQuant behavior is present via rebased/combined implementation in current HEAD for this file path.
a17a63a38655096da82db806ef1d05e8bbdcdeab	fix: VEC flash-attn Q/K stride mismatch in vec_dot_fattn_vec_KQ_turbo3_0	ggml/src/ggml-cuda/fattn-common.cuh,src/llama-graph.cpp	present_exact_or_equivalent_in_tree	PORTED_EXACT_TREE	1	PORTED_DIFFERENTLY	ggml/src/ggml-cuda/fattn-common.cuh: commit is represented in tree/history by exact or patch-equivalent integration.
e9ab0452b78d8ff65397aa51e67384b907056c08	fix: graceful fallback for turbo3 with non-128-aligned head dims (issue #13)	ggml/src/ggml-cuda/fattn.cu,ggml/src/ggml-cuda/ggml-cuda.cu	not_patch_equivalent	UNRESOLVED_CODE	1	PORTED_DIFFERENTLY	ggml/src/ggml-cuda/fattn.cu: non-equivalent hunk, but TurboQuant behavior is present via rebased/combined implementation in current HEAD for this file path.
fb2d86d31ab5fc535304e3534e5beddb126c3e3d	fix: graceful fallback for turbo3 on non-128-aligned head dims (issue #13)	ggml/src/ggml-cpu/ggml-cpu.c,ggml/src/ggml-cpu/ops.cpp,ggml/src/ggml-cuda/ggml-cuda.cu,ggml/src/ggml-cuda/set-rows.cu,ggml/src/ggml-cuda/turbo-wht.cu,src/llama-graph.cpp,src/llama-kv-cache.cpp,tools/server/server-context.cpp	not_patch_equivalent	UNRESOLVED_CODE	1	PORTED_DIFFERENTLY	ggml/src/ggml-cpu/ggml-cpu.c: non-equivalent hunk, but TurboQuant behavior is present via rebased/combined implementation in current HEAD for this file path.
d86034dd4a3824725ba6b6b0f29adde8113ef00d	feat: 64-element WHT groups + MLA Q rotation fix (issue #13)	ggml/include/ggml.h,ggml/src/ggml-cpu/ops.cpp,ggml/src/ggml-cuda/fattn.cu,ggml/src/ggml-cuda/ggml-cuda.cu,ggml/src/ggml-cuda/set-rows.cu,ggml/src/ggml-cuda/turbo-quant.cuh,ggml/src/ggml-cuda/turbo-wht.cu,ggml/src/ggml.c,src/llama-graph.cpp,src/llama-kv-cache.cpp	not_patch_equivalent	UNRESOLVED_CODE	1	PORTED_DIFFERENTLY	ggml/include/ggml.h: non-equivalent hunk, but TurboQuant behavior is present via rebased/combined implementation in current HEAD for this file path.
567fadf278121def865f31f0625ac9bbd91cef9d	feat: mixed turbo3/q8_0 KV cache types (-ctk turbo3 -ctv q8_0 and vice versa)	ggml/src/ggml-cuda/CMakeLists.txt,ggml/src/ggml-cuda/fattn-vec.cuh,ggml/src/ggml-cuda/fattn.cu,ggml/src/ggml-cuda/template-instances/fattn-vec-instance-q8_0-turbo3_0.cu,ggml/src/ggml-cuda/template-instances/fattn-vec-instance-turbo3_0-q8_0.cu,src/llama-graph.cpp	not_patch_equivalent	UNRESOLVED_CODE	1	PORTED_DIFFERENTLY	ggml/src/ggml-cuda/CMakeLists.txt: non-equivalent hunk, but TurboQuant behavior is present via rebased/combined implementation in current HEAD for this file path.
f0601a7860fbfdd8a45cc9be17da860fdc82d772	fix: implement CPU turbo3 quantize (was a stub that zeroed qs/signs)	ggml/src/ggml-cpu/ops.cpp,ggml/src/ggml-turbo-quant.c,src/llama-kv-cache.cpp	not_patch_equivalent	UNRESOLVED_CODE	1	PORTED_DIFFERENTLY	ggml/src/ggml-cpu/ops.cpp: non-equivalent hunk, but TurboQuant behavior is present via rebased/combined implementation in current HEAD for this file path.
25a19f2235885e48f8019a9b335af902776057a6	feat: GGML_TYPE_TURBO2_0 — 2-bit TurboQuant KV cache (6.4x compression)	common/arg.cpp,ggml/include/ggml.h,ggml/src/ggml-common.h,ggml/src/ggml-cpu/ggml-cpu.c,ggml/src/ggml-cpu/ops.cpp,ggml/src/ggml-cuda/CMakeLists.txt,ggml/src/ggml-cuda/convert.cu,ggml/src/ggml-cuda/dequantize.cuh,ggml/src/ggml-cuda/fattn-common.cuh,ggml/src/ggml-cuda/fattn-vec.cuh,ggml/src/ggml-cuda/fattn.cu,ggml/src/ggml-cuda/ggml-cuda.cu,ggml/src/ggml-cuda/set-rows.cu,ggml/src/ggml-cuda/template-instances/fattn-vec-instance-q8_0-turbo2_0.cu,ggml/src/ggml-cuda/template-instances/fattn-vec-instance-turbo2_0-q8_0.cu,ggml/src/ggml-cuda/template-instances/fattn-vec-instance-turbo2_0-turbo2_0.cu,ggml/src/ggml-cuda/turbo-quant.cuh,ggml/src/ggml-quants.h,ggml/src/ggml-turbo-quant.c,ggml/src/ggml.c,src/llama-graph.cpp,src/llama-kv-cache.cpp	not_patch_equivalent	UNRESOLVED_CODE	1	PORTED_DIFFERENTLY	common/arg.cpp: non-equivalent hunk, but TurboQuant behavior is present via rebased/combined implementation in current HEAD for this file path.
52178bba994f1b7b18dc4fdd9d07c61f52c5ec6a	fix: MLA inverse WHT group_size derived from K (not V) — fixes GLM-4.7	src/llama-graph.cpp	not_patch_equivalent	UNRESOLVED_CODE	1	PORTED_DIFFERENTLY	src/llama-graph.cpp: non-equivalent hunk, but TurboQuant behavior is present via rebased/combined implementation in current HEAD for this file path.
f3f7c3c4bfef8a10f734a098609fc63b76e21770	feat: InnerQ per-channel equalization + turbo2 64-group fallback	ggml/include/ggml.h,ggml/src/ggml-cpu/ops.cpp,ggml/src/ggml-cuda/set-rows.cu,ggml/src/ggml-cuda/turbo-innerq.cu,ggml/src/ggml-cuda/turbo-innerq.cuh,ggml/src/ggml-cuda/turbo-quant.cuh,ggml/src/ggml-cuda/turbo-wht.cu,ggml/src/ggml.c,src/llama-graph.cpp,src/llama-kv-cache.cpp,src/llama-kv-cache.h,src/llama-memory-hybrid.cpp,src/llama-memory-hybrid.h,src/llama-memory.h	not_patch_equivalent	UNRESOLVED_CODE	1	PORTED_DIFFERENTLY	ggml/include/ggml.h: non-equivalent hunk, but TurboQuant behavior is present via rebased/combined implementation in current HEAD for this file path.
65a2c690f234b593da412e81d96eb6eabd1d3ef9	perf: sparse V dequant — skip negligible attention weights in VEC kernel	ggml/src/ggml-cuda/fattn-vec.cuh	not_patch_equivalent	UNRESOLVED_CODE	1	PORTED_DIFFERENTLY	ggml/src/ggml-cuda/fattn-vec.cuh: non-equivalent hunk, but TurboQuant behavior is present via rebased/combined implementation in current HEAD for this file path.
df33248d2af7d8c04f975e4163f248c7b9564da6	fix: require head_dim % 128 for turbo KV — fall back to q8_0 otherwise	src/llama-kv-cache.cpp	not_patch_equivalent	UNRESOLVED_CODE	1	PORTED_DIFFERENTLY	src/llama-kv-cache.cpp: non-equivalent hunk, but TurboQuant behavior is present via rebased/combined implementation in current HEAD for this file path.
e3b87f80fc30885ac018da1ef49a9bf20e0d986c	feat: Metal support for turbo2 (2-bit KV cache, 6.4x compression)	bench-smem-m5-baseline.txt,bench-smem-m5-smem.txt,ggml/src/ggml-metal/ggml-metal-device.m,ggml/src/ggml-metal/ggml-metal-ops.cpp,ggml/src/ggml-metal/ggml-metal.metal,scripts/bench-smem-m5.sh,tools/llama-bench/llama-bench.cpp	not_patch_equivalent	UNRESOLVED_CODE	1	PORTED_DIFFERENTLY	bench-smem-m5-baseline.txt: non-equivalent hunk, but TurboQuant behavior is present via rebased/combined implementation in current HEAD for this file path.
fe6749f4677a6556a6a4ee1a2d96754458e9f68a	feat: asymmetric K/V quant support for Metal flash attention	ggml/src/ggml-metal/ggml-metal-device.cpp,ggml/src/ggml-metal/ggml-metal-device.m,ggml/src/ggml-metal/ggml-metal-ops.cpp,ggml/src/ggml-metal/ggml-metal.metal	not_patch_equivalent	UNRESOLVED_CODE	1	PORTED_DIFFERENTLY	ggml/src/ggml-metal/ggml-metal-device.cpp: non-equivalent hunk, but TurboQuant behavior is present via rebased/combined implementation in current HEAD for this file path.
59e2139c797ee12c18ffbf8eac021cdbac999b74	feat: asymmetric K/V support + q8_0 × turbo FA kernel instantiations	ggml/src/ggml-metal/ggml-metal-device.cpp,ggml/src/ggml-metal/ggml-metal-device.m,ggml/src/ggml-metal/ggml-metal-ops.cpp,ggml/src/ggml-metal/ggml-metal.metal	not_patch_equivalent	UNRESOLVED_CODE	1	PORTED_DIFFERENTLY	ggml/src/ggml-metal/ggml-metal-device.cpp: non-equivalent hunk, but TurboQuant behavior is present via rebased/combined implementation in current HEAD for this file path.
d158db5c60404b991efdc4830499bb829350f131	feat: zero-pad non-128 heads for full 7-stage WHT (replaces q8_0 fallback)	src/llama-graph.cpp,src/llama-kv-cache.cpp	not_patch_equivalent	UNRESOLVED_CODE	1	PORTED_DIFFERENTLY	src/llama-graph.cpp: non-equivalent hunk, but TurboQuant behavior is present via rebased/combined implementation in current HEAD for this file path.
083630933e87e31e748ab0efe2d8008d03c137b7	perf: CUDA MMA flash attention for D=640 (GLM-4.7 turbo3: 37→192 t/s)	ggml/src/ggml-cuda/fattn-mma-f16.cuh,ggml/src/ggml-cuda/fattn-tile.cu,ggml/src/ggml-cuda/fattn-tile.cuh,ggml/src/ggml-cuda/fattn.cu,ggml/src/ggml-cuda/template-instances/fattn-mma-f16-instance-ncols1_1-ncols2_16.cu,ggml/src/ggml-cuda/template-instances/fattn-mma-f16-instance-ncols1_2-ncols2_16.cu,ggml/src/ggml-cuda/template-instances/fattn-mma-f16-instance-ncols1_4-ncols2_16.cu,ggml/src/ggml-cuda/template-instances/fattn-tile-instance-dkq640-dv512.cu	not_patch_equivalent	UNRESOLVED_CODE	1	PORTED_DIFFERENTLY	ggml/src/ggml-cuda/fattn-mma-f16.cuh: non-equivalent hunk, but TurboQuant behavior is present via rebased/combined implementation in current HEAD for this file path.
1d5f5c7d65855a14bf2280354306ca3233d00385	fix: add turbo3/turbo2 cross-type VEC FA instances (issue #25 bug 2)	ggml/src/ggml-cuda/CMakeLists.txt,ggml/src/ggml-cuda/fattn-vec.cuh,ggml/src/ggml-cuda/fattn.cu,ggml/src/ggml-cuda/template-instances/fattn-vec-instance-turbo2_0-turbo3_0.cu,ggml/src/ggml-cuda/template-instances/fattn-vec-instance-turbo3_0-turbo2_0.cu	not_patch_equivalent	UNRESOLVED_CODE	1	PORTED_DIFFERENTLY	ggml/src/ggml-cuda/CMakeLists.txt: non-equivalent hunk, but TurboQuant behavior is present via rebased/combined implementation in current HEAD for this file path.
821f843ed9dbf3dbf525a645ab4b59fdbaad752b	feat: CUDA port of turbo4 (4-bit, 3.8x compression) — fixes issue #25 bug 1	ggml/src/ggml-common.h,ggml/src/ggml-cpu/ggml-cpu.c,ggml/src/ggml-cuda/CMakeLists.txt,ggml/src/ggml-cuda/convert.cu,ggml/src/ggml-cuda/dequantize.cuh,ggml/src/ggml-cuda/fattn-common.cuh,ggml/src/ggml-cuda/fattn-vec.cuh,ggml/src/ggml-cuda/fattn.cu,ggml/src/ggml-cuda/ggml-cuda.cu,ggml/src/ggml-cuda/set-rows.cu,ggml/src/ggml-cuda/template-instances/fattn-vec-instance-q8_0-turbo4_0.cu,ggml/src/ggml-cuda/template-instances/fattn-vec-instance-turbo2_0-turbo4_0.cu,ggml/src/ggml-cuda/template-instances/fattn-vec-instance-turbo3_0-turbo4_0.cu,ggml/src/ggml-cuda/template-instances/fattn-vec-instance-turbo4_0-q8_0.cu,ggml/src/ggml-cuda/template-instances/fattn-vec-instance-turbo4_0-turbo2_0.cu,ggml/src/ggml-cuda/template-instances/fattn-vec-instance-turbo4_0-turbo3_0.cu,ggml/src/ggml-cuda/template-instances/fattn-vec-instance-turbo4_0-turbo4_0.cu,ggml/src/ggml-cuda/turbo-quant.cuh,ggml/src/ggml-turbo-quant.c	not_patch_equivalent	UNRESOLVED_CODE	1	PORTED_DIFFERENTLY	ggml/src/ggml-common.h: non-equivalent hunk, but TurboQuant behavior is present via rebased/combined implementation in current HEAD for this file path.
de03f395a5fc0dd2fe4e44a148eb3c7746f6cf60	fix: turbo4 on GLM-4.7 — context init check accounts for zero-padding (issue #28)	src/llama-context.cpp	not_patch_equivalent	UNRESOLVED_CODE	1	PORTED_DIFFERENTLY	src/llama-context.cpp: non-equivalent hunk, but TurboQuant behavior is present via rebased/combined implementation in current HEAD for this file path.
a3e97d8693b71f36fe53643ef3453c1aacbcf051	feat: Boundary V (experimental) — layer-aware V compression	src/llama-kv-cache.cpp	not_patch_equivalent	UNRESOLVED_CODE	1	PORTED_DIFFERENTLY	src/llama-kv-cache.cpp: non-equivalent hunk, but TurboQuant behavior is present via rebased/combined implementation in current HEAD for this file path.
ee82c554f256a291ee1960fc5ce60fdc355571c1	fix: KV state serialization uses padded tensor width (issue #28 follow-up)	src/llama-kv-cache.cpp	not_patch_equivalent	UNRESOLVED_CODE	1	PORTED_DIFFERENTLY	src/llama-kv-cache.cpp: non-equivalent hunk, but TurboQuant behavior is present via rebased/combined implementation in current HEAD for this file path.
a30a59e9873128157342a3635551b23e38d07246	feat: HIP/ROCm porting for TheTom's turbo3/turbo2 warp-cooperative kernels	ggml/src/ggml-cuda/vendors/hip.h,ggml/src/ggml-hip/CMakeLists.txt	not_patch_equivalent	UNRESOLVED_CODE	1	PORTED_DIFFERENTLY	ggml/src/ggml-cuda/vendors/hip.h: non-equivalent hunk, but TurboQuant behavior is present via rebased/combined implementation in current HEAD for this file path.
b9df4c3d8e0ae05d46b6e5c0ca2f2fba7ca6fe6b	Increase turbo3/turbo2 block size from 32 to 128	ggml/src/ggml-common.h,ggml/src/ggml-metal/ggml-metal.metal	not_patch_equivalent	UNRESOLVED_CODE	1	PORTED_DIFFERENTLY	ggml/src/ggml-common.h: non-equivalent hunk, but TurboQuant behavior is present via rebased/combined implementation in current HEAD for this file path.
f028c66b29c43236bb95a4f15eb62a13e3c30a25	fix: CUDA warp-to-block mapping for block_size=128 (turbo3, turbo2)	ggml/src/ggml-cuda/set-rows.cu	not_patch_equivalent	UNRESOLVED_CODE	1	PORTED_DIFFERENTLY	ggml/src/ggml-cuda/set-rows.cu: non-equivalent hunk, but TurboQuant behavior is present via rebased/combined implementation in current HEAD for this file path.
a6ff5384685f6acb98edd5c72f1a0fc26994cfad	Enable Sparse V on all Metal, auto-enable Boundary V for turbo2-V	ggml/src/ggml-metal/ggml-metal-device.m,src/llama-kv-cache.cpp	not_patch_equivalent	UNRESOLVED_CODE	1	PORTED_DIFFERENTLY	ggml/src/ggml-metal/ggml-metal-device.m: non-equivalent hunk, but TurboQuant behavior is present via rebased/combined implementation in current HEAD for this file path.
d9552b9abc87f5118256f895c6cfbcbca1a20e25	fix: add missing TurboQuant FA template instances for HIP/ROCm build	ggml/src/ggml-cuda/fattn-tile.cu,ggml/src/ggml-hip/CMakeLists.txt	not_patch_equivalent	UNRESOLVED_CODE	1	PORTED_DIFFERENTLY	ggml/src/ggml-cuda/fattn-tile.cu: non-equivalent hunk, but TurboQuant behavior is present via rebased/combined implementation in current HEAD for this file path.
d11b42628a949166597591d76c92370475e8fcdd	Remove unused CENTROIDS_1BIT constant	ggml/src/ggml-turbo-quant.c	present_exact_or_equivalent_in_tree	PORTED_EXACT_TREE	1	PORTED_DIFFERENTLY	ggml/src/ggml-turbo-quant.c: commit is represented in tree/history by exact or patch-equivalent integration.
3a2fad19c88723c888ae0879a0fc1abbd92e2bd3	feat: TQ3_1S + TQ4_1S weight quantization with V2.1 fused Metal kernels	ggml/include/ggml.h,ggml/src/ggml-common.h,ggml/src/ggml-cpu/ggml-cpu.c,ggml/src/ggml-cpu/ops.cpp,ggml/src/ggml-metal/ggml-metal-device.cpp,ggml/src/ggml-metal/ggml-metal-device.h,ggml/src/ggml-metal/ggml-metal-device.m,ggml/src/ggml-metal/ggml-metal-impl.h,ggml/src/ggml-metal/ggml-metal-ops.cpp,ggml/src/ggml-metal/ggml-metal.metal,ggml/src/ggml-quants.c,ggml/src/ggml-quants.h,ggml/src/ggml-turbo-quant.c,ggml/src/ggml.c,include/llama.h,src/llama-model-loader.cpp,src/llama-quant.cpp	not_patch_equivalent	UNRESOLVED_CODE	1	PORTED_DIFFERENTLY	ggml/include/ggml.h: non-equivalent hunk, but TurboQuant behavior is present via rebased/combined implementation in current HEAD for this file path.
7b5094b2fa57622a61de8a4cf346a86b6a0830e2	fix: add post-unrotate memory barrier for in-layer mixing safety	ggml/src/ggml-metal/ggml-metal-ops.cpp,src/llama-graph.cpp	not_patch_equivalent	UNRESOLVED_CODE	1	PORTED_DIFFERENTLY	ggml/src/ggml-metal/ggml-metal-ops.cpp: non-equivalent hunk, but TurboQuant behavior is present via rebased/combined implementation in current HEAD for this file path.
c452be605a51aa7940a63579578fa794e88b8082	fix: disable upstream attn rotation by default (conflicts with TurboQuant)	src/llama-kv-cache.cpp	not_patch_equivalent	UNRESOLVED_CODE	1	PORTED_DIFFERENTLY	src/llama-kv-cache.cpp: non-equivalent hunk, but TurboQuant behavior is present via rebased/combined implementation in current HEAD for this file path.
2ebd5196334feb6b85385599c76e53cec81b04a0	feat: CUDA port of TQ4_1S/TQ3_1S weight dequant (signalnine)	ggml/src/ggml-cuda/convert.cu,ggml/src/ggml-cuda/dequantize.cuh,ggml/src/ggml-cuda/ggml-cuda.cu,ggml/src/ggml-cuda/turbo-quant.cuh	not_patch_equivalent	UNRESOLVED_CODE	1	PORTED_DIFFERENTLY	ggml/src/ggml-cuda/convert.cu: non-equivalent hunk, but TurboQuant behavior is present via rebased/combined implementation in current HEAD for this file path.
bf9bf3180d742582b9972765efaffb3355fceefe	fix: TQ4_1S CUDA — mmvq exclusion for fused path + quantize tool registration	ggml/src/ggml-cuda/ggml-cuda.cu,tools/quantize/quantize.cpp	present_exact_or_equivalent_in_tree	PORTED_EXACT_TREE	1	PORTED_DIFFERENTLY	ggml/src/ggml-cuda/ggml-cuda.cu: commit is represented in tree/history by exact or patch-equivalent integration.
8c2e0d878279facd628b28569676280fd736ecb7	perf: fused TQ4_1S/TQ3_1S mul_mat_vec — 3.4x decode speedup	ggml/src/ggml-cuda/ggml-cuda.cu,ggml/src/ggml-cuda/mmvq-tq.cu,ggml/src/ggml-cuda/mmvq-tq.cuh	not_patch_equivalent	UNRESOLVED_CODE	1	PORTED_DIFFERENTLY	ggml/src/ggml-cuda/ggml-cuda.cu: non-equivalent hunk, but TurboQuant behavior is present via rebased/combined implementation in current HEAD for this file path.
ec6b8d420b470d9392a978e9caacd016deb4de83	fix: TQ4_1S on MoE models — disable CUDA graphs for TQ MUL_MAT_ID	ggml/src/ggml-cuda/ggml-cuda.cu,ggml/src/ggml-cuda/mmvq-tq.cu	not_patch_equivalent	UNRESOLVED_CODE	1	PORTED_DIFFERENTLY	ggml/src/ggml-cuda/ggml-cuda.cu: non-equivalent hunk, but TurboQuant behavior is present via rebased/combined implementation in current HEAD for this file path.
76ebd26508fba07a22cb33c45c3f5ce40c546c5f	perf: V12 single-phase fused TQ mmvq — shmem activation, no global scratch	ggml/src/ggml-cuda/mmvq-tq.cu	not_patch_equivalent	UNRESOLVED_CODE	1	PORTED_DIFFERENTLY	ggml/src/ggml-cuda/mmvq-tq.cu: non-equivalent hunk, but TurboQuant behavior is present via rebased/combined implementation in current HEAD for this file path.
adda3bc84810da14274dfcc05eef7ba8a48a497a	fix: Windows MSVC build compatibility for TQ weight types	ggml/src/ggml-cpu/ops.cpp,ggml/src/ggml-turbo-quant.c	not_patch_equivalent	UNRESOLVED_CODE	1	PORTED_DIFFERENTLY	ggml/src/ggml-cpu/ops.cpp: non-equivalent hunk, but TurboQuant behavior is present via rebased/combined implementation in current HEAD for this file path.
694ed0314e9c2fc4f106757898f5c88ceab0e5d0	fix: AMD HIP/ROCm build support for TQ4_1S weight compression	common/common.cpp,ggml/src/ggml-cuda/turbo-innerq.cu,ggml/src/ggml-cuda/turbo-innerq.cuh,ggml/src/ggml-cuda/vendors/hip.h,src/llama-kv-cache.cpp	not_patch_equivalent	UNRESOLVED_CODE	1	PORTED_DIFFERENTLY	common/common.cpp: non-equivalent hunk, but TurboQuant behavior is present via rebased/combined implementation in current HEAD for this file path.
296259217e179301321481968998b101e9a64d49	fix: add dk512 Metal FA kernel instances for turbo types (Gemma 4 support)	ggml/src/ggml-metal/ggml-metal.metal	present_exact_or_equivalent_in_tree	PORTED_EXACT_TREE	1	PORTED_DIFFERENTLY	ggml/src/ggml-metal/ggml-metal.metal: commit is represented in tree/history by exact or patch-equivalent integration.
b1a6f79b3c7b0493bf0e3acb16c45c30a45286e0	fix: CPU vec_dot heap allocation for turbo/TQ types (n > 4096 models)	ggml/src/ggml-cpu/ggml-cpu.c	present_exact_or_equivalent_in_tree	PORTED_EXACT_TREE	1	PORTED_DIFFERENTLY	ggml/src/ggml-cpu/ggml-cpu.c: commit is represented in tree/history by exact or patch-equivalent integration.
fe2ead962a96570892c6d4793e66a742d22d6c04	Fix turbo4 C reference WHT dequant mismatch (#43)	ggml/src/ggml-turbo-quant.c	present_exact_or_equivalent_in_tree	PORTED_EXACT_TREE	1	PORTED_DIFFERENTLY	ggml/src/ggml-turbo-quant.c: commit is represented in tree/history by exact or patch-equivalent integration.
e3ce079bef00bdba8e95ed7ecbb8d3a13597595d	feat: load-time TQ4_1S -> q8_0 conversion for CUDA dp4a speed	ggml/src/ggml-cuda/ggml-cuda.cu,ggml/src/ggml-cuda/mmvq-tq.cu,ggml/src/ggml-cuda/mmvq-tq.cuh,ggml/src/ggml-cuda/turbo-wht.cu,ggml/src/ggml.c	not_patch_equivalent	UNRESOLVED_CODE	1	PORTED_DIFFERENTLY	ggml/src/ggml-cuda/ggml-cuda.cu: non-equivalent hunk, but TurboQuant behavior is present via rebased/combined implementation in current HEAD for this file path.
71c7a4ced22740fb63d2b7b8e21b1bb2a04bb003	fix: remove redundant extern from GGML_API macro (GCC 13.3 hard error)	ggml/include/ggml.h	present_exact_or_equivalent_in_tree	PORTED_EXACT_TREE	1	PORTED_DIFFERENTLY	ggml/include/ggml.h: commit is represented in tree/history by exact or patch-equivalent integration.
c29fab6e842fe8b4d307e294ac3a15771fa26373	Enhance Metal operations for TQ weights and concurrency handling for Gemma 4	ggml/src/ggml-metal/ggml-metal-ops.cpp,ggml/src/ggml-metal/ggml-metal.metal	not_patch_equivalent	UNRESOLVED_CODE	1	PORTED_DIFFERENTLY	ggml/src/ggml-metal/ggml-metal-ops.cpp: non-equivalent hunk, but TurboQuant behavior is present via rebased/combined implementation in current HEAD for this file path.
5bad823b18335df7c865053de21c3a09947ff753	Update GGMLQuantizationType and LlamaFileType enums to include TQ3_1S and TQ4_1S quantization types with corresponding sizes in GGML_QUANT_SIZES.	gguf-py/gguf/constants.py	not_patch_equivalent	UNRESOLVED_CODE	1	PORTED_DIFFERENTLY	gguf-py/gguf/constants.py: non-equivalent hunk, but TurboQuant behavior is present via rebased/combined implementation in current HEAD for this file path.
e5ac94d2a95840988ae1d014e39937874cc60c7d	fix: GCC double extern in ops.cpp turbo3_cpu_wht_group_size	ggml/src/ggml-cpu/ops.cpp	present_exact_or_equivalent_in_tree	PORTED_EXACT_TREE	1	PORTED_DIFFERENTLY	ggml/src/ggml-cpu/ops.cpp: commit is represented in tree/history by exact or patch-equivalent integration.
753f1998204554a116f6bab5fef86fea21632c10	feat: add MoE expert count kernel instantiations + TQ4_1S backend tests	ggml/src/ggml-metal/ggml-metal.metal,tests/test-backend-ops.cpp	not_patch_equivalent	UNRESOLVED_CODE	1	PORTED_DIFFERENTLY	ggml/src/ggml-metal/ggml-metal.metal: non-equivalent hunk, but TurboQuant behavior is present via rebased/combined implementation in current HEAD for this file path.
657160439cc728f8d76b260d7e317d9c0c0c3516	fix: cap map0 kernel shmem for 256-expert MoE models	ggml/src/ggml-metal/ggml-metal-device.cpp	present_exact_or_equivalent_in_tree	PORTED_EXACT_TREE	1	PORTED_DIFFERENTLY	ggml/src/ggml-metal/ggml-metal-device.cpp: commit is represented in tree/history by exact or patch-equivalent integration.
51481c3b5adc3b33049e37193e3c7c0dd030b568	perf: TQ4_1S native kernel 3.5× faster — 240 t/s (was 68), smaller VRAM than q8_0	ggml/src/ggml-cuda/ggml-cuda.cu,ggml/src/ggml-cuda/mmvq-tq.cu,scripts/autoresearch/build.sh,scripts/autoresearch/run_experiment.sh,scripts/autoresearch/run_track.sh,scripts/autoresearch/track-kv/baseline.json,scripts/autoresearch/track-kv/program.md,scripts/autoresearch/track-weight/baseline.json,scripts/autoresearch/track-weight/history.jsonl,scripts/autoresearch/track-weight/program.md	not_patch_equivalent	UNRESOLVED_CODE	1	PORTED_DIFFERENTLY	ggml/src/ggml-cuda/ggml-cuda.cu: non-equivalent hunk, but TurboQuant behavior is present via rebased/combined implementation in current HEAD for this file path.
cc1bae21588f681818491e778dddcc381a36d2a6	perf: warp-cooperative TQ4_1S dequant (16× less compute per block)	ggml/src/ggml-cuda/convert.cu	present_exact_or_equivalent_in_tree	PORTED_EXACT_TREE	1	PORTED_DIFFERENTLY	ggml/src/ggml-cuda/convert.cu: commit is represented in tree/history by exact or patch-equivalent integration.
941d4567fda6a8c6447b3ef88ad3f3ad6eae1bd0	feat: multi-token TQ4_1S dp4a kernel + multi-GPU fix + static build fix	ggml/src/ggml-cuda/ggml-cuda.cu,ggml/src/ggml-cuda/mmvq-tq.cu,ggml/src/ggml-cuda/mmvq-tq.cuh,ggml/src/ggml-cuda/turbo-innerq.cuh	not_patch_equivalent	UNRESOLVED_CODE	1	PORTED_DIFFERENTLY	ggml/src/ggml-cuda/ggml-cuda.cu: non-equivalent hunk, but TurboQuant behavior is present via rebased/combined implementation in current HEAD for this file path.
579db29815148b2a891ba25365f18af32242b71c	fix: replace __dp4a with ggml_cuda_dp4a for HIP/ROCm compatibility	ggml/src/ggml-cuda/mmvq-tq.cu	present_exact_or_equivalent_in_tree	PORTED_EXACT_TREE	1	PORTED_DIFFERENTLY	ggml/src/ggml-cuda/mmvq-tq.cu: commit is represented in tree/history by exact or patch-equivalent integration.
0bf1eef8dc05024ea15441505f3ab6476dab7d31	fix: AMD/RDNA4 arch dispatch — scalar half path for TQ4_1S on AMD GPUs	ggml/src/ggml-cuda/mmvq-tq.cu	present_exact_or_equivalent_in_tree	PORTED_EXACT_TREE	1	PORTED_DIFFERENTLY	ggml/src/ggml-cuda/mmvq-tq.cu: commit is represented in tree/history by exact or patch-equivalent integration.
a494833d0dbf46f01fe98653b6c45e403886ae88	feat: Vulkan compute shader support for turbo3 KV cache	ggml/src/ggml-vulkan/ggml-vulkan.cpp,ggml/src/ggml-vulkan/vulkan-shaders/copy_to_quant.comp,ggml/src/ggml-vulkan/vulkan-shaders/dequant_funcs.glsl,ggml/src/ggml-vulkan/vulkan-shaders/dequant_funcs_cm2.glsl,ggml/src/ggml-vulkan/vulkan-shaders/dequant_turbo3_0.comp,ggml/src/ggml-vulkan/vulkan-shaders/types.glsl,ggml/src/ggml-vulkan/vulkan-shaders/vulkan-shaders-gen.cpp	not_patch_equivalent	UNRESOLVED_CODE	1	PORTED_DIFFERENTLY	ggml/src/ggml-vulkan/ggml-vulkan.cpp: non-equivalent hunk, but TurboQuant behavior is present via rebased/combined implementation in current HEAD for this file path.
e596f476fb123b44ec277e50031ad370176bfa04	metal: add TurboFlash attention kernel for turbo3 KV cache decode	ggml/src/ggml-metal/ggml-metal-impl.h,ggml/src/ggml-metal/ggml-metal-ops.cpp,ggml/src/ggml-metal/ggml-metal.metal	not_patch_equivalent	UNRESOLVED_CODE	1	PORTED_DIFFERENTLY	ggml/src/ggml-metal/ggml-metal-impl.h: non-equivalent hunk, but TurboQuant behavior is present via rebased/combined implementation in current HEAD for this file path.
3b5e148759f66fce8a0cd21f7d53106f89b11592	docs: add AMD Instinct MI300X (gfx942) ROCm test results	docs/rocm-mi300x-test-results.md	not_patch_equivalent	UNRESOLVED_NONCODE	0	INTENTIONAL_DROP	docs/rocm-mi300x-test-results.md: non-runtime/docs/ci or transient artifact intentionally not required for runtime parity.
1df47832d2662238d0b3da8fc0370dcce3ecab7c	feat: add CDNA4 (gfx950/MI355X) support + test results	docs/rocm-mi300x-test-results.md,ggml/src/ggml-cuda/common.cuh	not_patch_equivalent	UNRESOLVED_CODE	1	PORTED_DIFFERENTLY	docs/rocm-mi300x-test-results.md: non-equivalent hunk, but TurboQuant behavior is present via rebased/combined implementation in current HEAD for this file path.
ff8bb739466180cfc5e5ad0f1759ef07cc1e8277	vulkan: fix and complete turbo3 KV cache support	ggml/src/ggml-vulkan/ggml-vulkan.cpp,ggml/src/ggml-vulkan/vulkan-shaders/copy_to_quant.comp,ggml/src/ggml-vulkan/vulkan-shaders/dequant_turbo3_0.comp,ggml/src/ggml-vulkan/vulkan-shaders/flash_attn.comp,ggml/src/ggml-vulkan/vulkan-shaders/flash_attn_base.glsl,ggml/src/ggml-vulkan/vulkan-shaders/turbo_wht.comp,ggml/src/ggml-vulkan/vulkan-shaders/types.glsl,ggml/src/ggml-vulkan/vulkan-shaders/vulkan-shaders-gen.cpp	not_patch_equivalent	UNRESOLVED_CODE	1	PORTED_DIFFERENTLY	ggml/src/ggml-vulkan/ggml-vulkan.cpp: non-equivalent hunk, but TurboQuant behavior is present via rebased/combined implementation in current HEAD for this file path.
88fcb67e52ca5b1f9630f9ddd283dde32315f967	vulkan: add turbo3 backend tests	tests/test-backend-ops.cpp	not_patch_equivalent	UNRESOLVED_CODE	1	PORTED_DIFFERENTLY	tests/test-backend-ops.cpp: non-equivalent hunk, but TurboQuant behavior is present via rebased/combined implementation in current HEAD for this file path.
a4736ffbdefef3a0ee49f57c0c7ec73f070ff3d2	Add GitHub Sponsors funding link	.github/FUNDING.yml	present_exact_or_equivalent_in_tree	PORTED_EXACT_TREE	0	PORTED_DIFFERENTLY	.github/FUNDING.yml: commit is represented in tree/history by exact or patch-equivalent integration.
e53f802462d23a3101b2d9689e0c0d6749297cdd	Fix memory explosion on Apple Silicon	ggml/src/ggml-metal/ggml-metal-ops.cpp	present_exact_or_equivalent_in_tree	PORTED_EXACT_TREE	1	PORTED_DIFFERENTLY	ggml/src/ggml-metal/ggml-metal-ops.cpp: commit is represented in tree/history by exact or patch-equivalent integration.
6775542ddfd417bdead6e92c9682fc32f565815c	Fix GGML_OP_COUNT assertion for RPC	ggml/include/ggml-rpc.h	not_patch_equivalent	UNRESOLVED_CODE	1	PORTED_DIFFERENTLY	ggml/include/ggml-rpc.h: non-equivalent hunk, but TurboQuant behavior is present via rebased/combined implementation in current HEAD for this file path.
00093017064af99d16054f29f0f0e02024ca267b	ci: fix turbo build and test failures	ggml/src/ggml-cpu/ops.cpp,ggml/src/ggml-cuda/turbo-quant.cuh,tests/test-quantize-fns.cpp	not_patch_equivalent	UNRESOLVED_CODE	1	PORTED_DIFFERENTLY	ggml/src/ggml-cpu/ops.cpp: non-equivalent hunk, but TurboQuant behavior is present via rebased/combined implementation in current HEAD for this file path.
1073622985bb68075472474b4b0fdfcdabcfc9d0	fix: add TURBO2_0 to flash_attn auto-enable check	src/llama-context.cpp	present_exact_or_equivalent_in_tree	PORTED_EXACT_TREE	1	PORTED_DIFFERENTLY	src/llama-context.cpp: commit is represented in tree/history by exact or patch-equivalent integration.
59798f10d917caf24ebc6fe75ae95060c31f8283	fix(cuda): allow f16/bf16 + q8_0 mixed KV without GGML_CUDA_FA_ALL_QUANTS (#82)	ggml/src/ggml-cuda/fattn.cu	present_exact_or_equivalent_in_tree	PORTED_EXACT_TREE	1	PORTED_DIFFERENTLY	ggml/src/ggml-cuda/fattn.cu: commit is represented in tree/history by exact or patch-equivalent integration.
fa4e8be0a0cedd965d9588f2ded388f4f7a2bd71	fix(cuda): add F16-K + TURBO-V dispatch cases in fattn.cu	ggml/src/ggml-cuda/CMakeLists.txt,ggml/src/ggml-cuda/fattn-vec.cuh,ggml/src/ggml-cuda/fattn.cu,ggml/src/ggml-cuda/template-instances/fattn-vec-instance-f16-turbo2_0.cu,ggml/src/ggml-cuda/template-instances/fattn-vec-instance-f16-turbo3_0.cu,ggml/src/ggml-cuda/template-instances/fattn-vec-instance-f16-turbo4_0.cu	not_patch_equivalent	UNRESOLVED_CODE	1	PORTED_DIFFERENTLY	ggml/src/ggml-cuda/CMakeLists.txt: non-equivalent hunk, but TurboQuant behavior is present via rebased/combined implementation in current HEAD for this file path.
f9ee92b0e8865f6d8686396acd31849d53f4c608	fix nix build: Add spirv-headers to vulkanBuildInputs	.devops/nix/package.nix	not_patch_equivalent	UNRESOLVED_NONCODE	0	INTENTIONAL_DROP	.devops/nix/package.nix: non-runtime/docs/ci or transient artifact intentionally not required for runtime parity.
93bf21d7acc2cf48c565c94b39fd20cdd92561b7	fix(metal): add turbo2/3/4 types to FLASH_ATTN_EXT and CPY support checks	ggml/src/ggml-metal/ggml-metal-device.m	present_exact_or_equivalent_in_tree	PORTED_EXACT_TREE	1	PORTED_DIFFERENTLY	ggml/src/ggml-metal/ggml-metal-device.m: commit is represented in tree/history by exact or patch-equivalent integration.
0198d581948228e189b81dd75d08319ad9b2ecc1	vulkan: fix turbo3 build + coopmat FA after April upstream sync	ggml/src/ggml-vulkan/ggml-vulkan.cpp,ggml/src/ggml-vulkan/vulkan-shaders/copy_to_quant.comp,ggml/src/ggml-vulkan/vulkan-shaders/vulkan-shaders-gen.cpp	not_patch_equivalent	UNRESOLVED_CODE	1	PORTED_DIFFERENTLY	ggml/src/ggml-vulkan/ggml-vulkan.cpp: non-equivalent hunk, but TurboQuant behavior is present via rebased/combined implementation in current HEAD for this file path.
8993d4fd779632881de6b445b6d03778c5e4fd67	fix: force VEC FA path for quantized KV on HIP/ROCm	ggml/src/ggml-cuda/fattn.cu	not_patch_equivalent	UNRESOLVED_CODE	1	PORTED_DIFFERENTLY	ggml/src/ggml-cuda/fattn.cu: non-equivalent hunk, but TurboQuant behavior is present via rebased/combined implementation in current HEAD for this file path.
0757ff4ee601e61be9a7b39539854b3eadb0dd83	fix(hip): bypass pool for FA f16 temp buffers to prevent OOM	ggml/src/ggml-cuda/fattn-common.cuh	not_patch_equivalent	UNRESOLVED_CODE	1	PORTED_DIFFERENTLY	ggml/src/ggml-cuda/fattn-common.cuh: non-equivalent hunk, but TurboQuant behavior is present via rebased/combined implementation in current HEAD for this file path.
7ca13d20fb725bdfa122990b59fad0ba72cbcc89	Merge pull request #90 from TheTom/fix/hip-force-vec-quantized-kv	ggml/src/ggml-cuda/fattn.cu	not_patch_equivalent	UNRESOLVED_CODE	1	INTENTIONAL_DROP	ggml/src/ggml-cuda/fattn.cu: exploratory/superseded step intentionally not replayed; current TurboQuant implementation in this file reflects later integrated behavior.
627ebbc6e27727bd4f65422d8aa60b13404993c8	Merge pull request #87 from apollosenvy/pr/vulkan-turbo3-april-fix		not_patch_equivalent	UNRESOLVED_NONCODE	0	INTENTIONAL_DROP	non-code artifact: non-runtime/docs/ci or transient artifact intentionally not required for runtime parity.
6112eb423ae0acb471d33adedf3b68b07aa49bfb	fix: gate turbo V unpad on V type, not K type	src/llama-graph.cpp	present_exact_or_equivalent_in_tree	PORTED_EXACT_TREE	1	PORTED_DIFFERENTLY	src/llama-graph.cpp: commit is represented in tree/history by exact or patch-equivalent integration.
a1bcb34a18d4a3396453c850d19d27996e4dc391	fix(metal): disable TurboFlash by default — corrupt output on Apple10	ggml/src/ggml-metal/ggml-metal-ops.cpp	present_exact_or_equivalent_in_tree	PORTED_EXACT_TREE	1	PORTED_DIFFERENTLY	ggml/src/ggml-metal/ggml-metal-ops.cpp: commit is represented in tree/history by exact or patch-equivalent integration.
d3271ac4170b9c65e02ef8276b38c4ce15f5f077	fix: gate turbo V unpad on V type + disable TurboFlash on Apple10 (#91)		not_patch_equivalent	UNRESOLVED_NONCODE	0	INTENTIONAL_DROP	non-code artifact: non-runtime/docs/ci or transient artifact intentionally not required for runtime parity.
90968cc4d702ba53fb643f39e50c2f24bbcee8d8	Merge pull request #84 from dentity007/fix/cuda-fattn-f16-turbo-dispatch	ggml/src/ggml-cuda/fattn.cu	not_patch_equivalent	UNRESOLVED_CODE	1	INTENTIONAL_DROP	ggml/src/ggml-cuda/fattn.cu: exploratory/superseded step intentionally not replayed; current TurboQuant implementation in this file reflects later integrated behavior.
6e0630d89254614157e982c135deb75f8e3e82e8	Merge pull request #85 from cguentherTUChemnitz/patch-1		not_patch_equivalent	UNRESOLVED_NONCODE	0	INTENTIONAL_DROP	non-code artifact: non-runtime/docs/ci or transient artifact intentionally not required for runtime parity.
74450afe128767f1e2ed3a9d08329ca223a0e888	Merge pull request #86 from tomwolfe/bugfix/metal		not_patch_equivalent	UNRESOLVED_NONCODE	0	INTENTIONAL_DROP	non-code artifact: non-runtime/docs/ci or transient artifact intentionally not required for runtime parity.
07595065db086552edf4e111c6d1bee4e9b0c930	fix: inverse WHT in test-turbo-quant.c round-trip (#59)	ggml/src/ggml-turbo-quant.c,tests/test-turbo-quant.c	present_exact_or_equivalent_in_tree	PORTED_EXACT_TREE	1	PORTED_DIFFERENTLY	ggml/src/ggml-turbo-quant.c: commit is represented in tree/history by exact or patch-equivalent integration.
f4ffeb481b0e3778b5e3b5a17549b68fabe26570	Merge pull request #93 from TheTom/fix/test-turbo-quant-inverse-wht		not_patch_equivalent	UNRESOLVED_NONCODE	0	INTENTIONAL_DROP	non-code artifact: non-runtime/docs/ci or transient artifact intentionally not required for runtime parity.
8ba9f128822b4cef73f5555ca5fcccfbfadbcd20	vulkan: TQ4_1s support for model weights (#69)	ggml/src/ggml-vulkan/ggml-vulkan.cpp,ggml/src/ggml-vulkan/vulkan-shaders/copy_from_quant.comp,ggml/src/ggml-vulkan/vulkan-shaders/copy_to_quant.comp,ggml/src/ggml-vulkan/vulkan-shaders/dequant_funcs.glsl,ggml/src/ggml-vulkan/vulkan-shaders/dequant_tq4_1s.comp,ggml/src/ggml-vulkan/vulkan-shaders/mul_mat_vec_tq4_1s.comp,ggml/src/ggml-vulkan/vulkan-shaders/types.glsl,ggml/src/ggml-vulkan/vulkan-shaders/vulkan-shaders-gen.cpp,tests/test-backend-ops.cpp	not_patch_equivalent	UNRESOLVED_CODE	1	PORTED_DIFFERENTLY	ggml/src/ggml-vulkan/ggml-vulkan.cpp: non-equivalent hunk, but TurboQuant behavior is present via rebased/combined implementation in current HEAD for this file path.
4d24ad87b8ed2ad160809af41930f1e04b83f234	ci: add TurboQuant+ release workflow	.github/workflows/tqp-release.yml	not_patch_equivalent	UNRESOLVED_NONCODE	0	INTENTIONAL_DROP	.github/workflows/tqp-release.yml: non-runtime/docs/ci or transient artifact intentionally not required for runtime parity.
dad4e2ee34f4cbc40e3b9db29cd55be7ce5bbc23	Cherry-pick upstream speculative decoding for hybrid models	common/arg.cpp,common/chat.cpp,common/common.cpp,common/common.h,common/hf-cache.cpp,common/ngram-map.cpp,common/speculative.cpp,common/speculative.h,tools/server/server-common.cpp,tools/server/server-common.h,tools/server/server-context.cpp,tools/server/server-task.cpp,tools/server/server-task.h	not_patch_equivalent	UNRESOLVED_CODE	1	PORTED_DIFFERENTLY	common/arg.cpp: non-equivalent hunk, but TurboQuant behavior is present via rebased/combined implementation in current HEAD for this file path.
b3401eaf9d5ae9bfeeb41526cd0c896334e78d4c	Cherry-pick upstream CMake glob for model sources	src/CMakeLists.txt	present_exact_or_equivalent_in_tree	PORTED_EXACT_TREE	1	PORTED_DIFFERENTLY	src/CMakeLists.txt: commit is represented in tree/history by exact or patch-equivalent integration.
9e3fb40e8bc0f873ad4d3d8329b17dacff28e4ca	fix(hip): add missing f16-turbo fattn-vec instances to HIP CMakeLists	ggml/src/ggml-hip/CMakeLists.txt	not_patch_equivalent	UNRESOLVED_CODE	1	PORTED_DIFFERENTLY	ggml/src/ggml-hip/CMakeLists.txt: non-equivalent hunk, but TurboQuant behavior is present via rebased/combined implementation in current HEAD for this file path.
70de249097794b3bd8878522e2fac6477e2e78da	fix(cuda): allow f16/bf16 + q8_0 mixed KV without GGML_CUDA_FA_ALL_QUANTS (#82)	ggml/src/ggml-cuda/fattn.cu	present_exact_or_equivalent_in_tree	PORTED_EXACT_TREE	1	PORTED_DIFFERENTLY	ggml/src/ggml-cuda/fattn.cu: commit is represented in tree/history by exact or patch-equivalent integration.
58bbe5518241a151233c2bf12c3037e1eaaf073e	fix(cuda): add F16-K + TURBO-V dispatch cases in fattn.cu	ggml/src/ggml-cuda/CMakeLists.txt,ggml/src/ggml-cuda/fattn-vec.cuh,ggml/src/ggml-cuda/fattn.cu,ggml/src/ggml-cuda/template-instances/fattn-vec-instance-f16-turbo2_0.cu,ggml/src/ggml-cuda/template-instances/fattn-vec-instance-f16-turbo3_0.cu,ggml/src/ggml-cuda/template-instances/fattn-vec-instance-f16-turbo4_0.cu	not_patch_equivalent	UNRESOLVED_CODE	1	PORTED_DIFFERENTLY	ggml/src/ggml-cuda/CMakeLists.txt: non-equivalent hunk, but TurboQuant behavior is present via rebased/combined implementation in current HEAD for this file path.
d9adc24e01a7c4503049bd4796d47970b6289726	fix nix build: Add spirv-headers to vulkanBuildInputs	.devops/nix/package.nix	not_patch_equivalent	UNRESOLVED_NONCODE	0	INTENTIONAL_DROP	.devops/nix/package.nix: non-runtime/docs/ci or transient artifact intentionally not required for runtime parity.
a4a09dc57c3478b2067b619879c4ef42c814ee1b	fix(metal): add turbo2/3/4 types to FLASH_ATTN_EXT and CPY support checks	ggml/src/ggml-metal/ggml-metal-device.m	present_exact_or_equivalent_in_tree	PORTED_EXACT_TREE	1	PORTED_DIFFERENTLY	ggml/src/ggml-metal/ggml-metal-device.m: commit is represented in tree/history by exact or patch-equivalent integration.
458c7f1023526189c8f36b1916db52a7d2810d81	vulkan: fix turbo3 build + coopmat FA after April upstream sync	ggml/src/ggml-vulkan/ggml-vulkan.cpp,ggml/src/ggml-vulkan/vulkan-shaders/copy_to_quant.comp,ggml/src/ggml-vulkan/vulkan-shaders/vulkan-shaders-gen.cpp	not_patch_equivalent	UNRESOLVED_CODE	1	PORTED_DIFFERENTLY	ggml/src/ggml-vulkan/ggml-vulkan.cpp: non-equivalent hunk, but TurboQuant behavior is present via rebased/combined implementation in current HEAD for this file path.
4d754604e039feba33d4c6a4d2886a5f5af194a2	fix: force VEC FA path for quantized KV on HIP/ROCm	ggml/src/ggml-cuda/fattn.cu	not_patch_equivalent	UNRESOLVED_CODE	1	PORTED_DIFFERENTLY	ggml/src/ggml-cuda/fattn.cu: non-equivalent hunk, but TurboQuant behavior is present via rebased/combined implementation in current HEAD for this file path.
d7b53344626c0b4592951183cf7a15af46104dad	fix(hip): bypass pool for FA f16 temp buffers to prevent OOM	ggml/src/ggml-cuda/fattn-common.cuh	not_patch_equivalent	UNRESOLVED_CODE	1	PORTED_DIFFERENTLY	ggml/src/ggml-cuda/fattn-common.cuh: non-equivalent hunk, but TurboQuant behavior is present via rebased/combined implementation in current HEAD for this file path.
156592051357ecc2d8aec2d264c37a6a2dafa258	fix: gate turbo V unpad on V type, not K type	src/llama-graph.cpp	present_exact_or_equivalent_in_tree	PORTED_EXACT_TREE	1	PORTED_DIFFERENTLY	src/llama-graph.cpp: commit is represented in tree/history by exact or patch-equivalent integration.
67f076f2ec7231a304447abfbca81f947a876d11	fix(metal): disable TurboFlash by default — corrupt output on Apple10	ggml/src/ggml-metal/ggml-metal-ops.cpp	present_exact_or_equivalent_in_tree	PORTED_EXACT_TREE	1	PORTED_DIFFERENTLY	ggml/src/ggml-metal/ggml-metal-ops.cpp: commit is represented in tree/history by exact or patch-equivalent integration.
037047e1c5626b9e0e84ec605f1db5c1de05deab	fix: inverse WHT in test-turbo-quant.c round-trip (#59)	ggml/src/ggml-turbo-quant.c,tests/test-turbo-quant.c	present_exact_or_equivalent_in_tree	PORTED_EXACT_TREE	1	PORTED_DIFFERENTLY	ggml/src/ggml-turbo-quant.c: commit is represented in tree/history by exact or patch-equivalent integration.
f03d331446e43a52c112bc1bea5b19d1c9a9eb00	vulkan: TQ4_1s support for model weights (#69)	ggml/src/ggml-vulkan/ggml-vulkan.cpp,ggml/src/ggml-vulkan/vulkan-shaders/copy_from_quant.comp,ggml/src/ggml-vulkan/vulkan-shaders/copy_to_quant.comp,ggml/src/ggml-vulkan/vulkan-shaders/dequant_funcs.glsl,ggml/src/ggml-vulkan/vulkan-shaders/dequant_tq4_1s.comp,ggml/src/ggml-vulkan/vulkan-shaders/mul_mat_vec_tq4_1s.comp,ggml/src/ggml-vulkan/vulkan-shaders/types.glsl,ggml/src/ggml-vulkan/vulkan-shaders/vulkan-shaders-gen.cpp,tests/test-backend-ops.cpp	not_patch_equivalent	UNRESOLVED_CODE	1	PORTED_DIFFERENTLY	ggml/src/ggml-vulkan/ggml-vulkan.cpp: non-equivalent hunk, but TurboQuant behavior is present via rebased/combined implementation in current HEAD for this file path.
99c2ed759b21f167242d50c757eb692fd89bc37b	ci: add TurboQuant+ release workflow	.github/workflows/tqp-release.yml	not_patch_equivalent	UNRESOLVED_NONCODE	0	INTENTIONAL_DROP	.github/workflows/tqp-release.yml: non-runtime/docs/ci or transient artifact intentionally not required for runtime parity.
991301feb6559a3d414b00d615aabbb864a92a3f	Cherry-pick upstream speculative decoding for hybrid models	common/arg.cpp,common/chat.cpp,common/common.cpp,common/common.h,common/hf-cache.cpp,common/ngram-map.cpp,common/speculative.cpp,common/speculative.h,tools/server/server-common.cpp,tools/server/server-common.h,tools/server/server-context.cpp,tools/server/server-task.cpp,tools/server/server-task.h	not_patch_equivalent	UNRESOLVED_CODE	1	PORTED_DIFFERENTLY	common/arg.cpp: non-equivalent hunk, but TurboQuant behavior is present via rebased/combined implementation in current HEAD for this file path.
f64e8799faa27f7448faf2574362f5da6fcfa955	Cherry-pick upstream CMake glob for model sources	src/CMakeLists.txt	present_exact_or_equivalent_in_tree	PORTED_EXACT_TREE	1	PORTED_DIFFERENTLY	src/CMakeLists.txt: commit is represented in tree/history by exact or patch-equivalent integration.
b8b1d49b3424cac034499333b68b5e997fbe316b	fix(hip): add missing f16-turbo fattn-vec instances to HIP CMakeLists	ggml/src/ggml-hip/CMakeLists.txt	not_patch_equivalent	UNRESOLVED_CODE	1	PORTED_DIFFERENTLY	ggml/src/ggml-hip/CMakeLists.txt: non-equivalent hunk, but TurboQuant behavior is present via rebased/combined implementation in current HEAD for this file path.
7f320bb89f68096240a517783674cc17c66b7ad2	Merge commit '7fc1c4ef7' into rebase/upstream-sync-april-2026	.devops/nix/package.nix,common/arg.cpp,common/common.cpp,ggml/src/ggml-cuda/common.cuh,ggml/src/ggml-cuda/fattn-mma-f16.cuh,ggml/src/ggml-cuda/ggml-cuda.cu,ggml/src/ggml-cuda/vendors/hip.h,ggml/src/ggml-metal/ggml-metal-device.cpp,ggml/src/ggml-metal/ggml-metal-device.h,ggml/src/ggml-metal/ggml-metal-device.m,ggml/src/ggml-metal/ggml-metal-impl.h,ggml/src/ggml-metal/ggml-metal-ops.cpp,ggml/src/ggml-metal/ggml-metal-ops.h,ggml/src/ggml-metal/ggml-metal.metal,ggml/src/ggml-vulkan/ggml-vulkan.cpp,ggml/src/ggml-vulkan/vulkan-shaders/vulkan-shaders-gen.cpp,ggml/src/ggml.c,include/llama.h,src/llama-context.cpp,src/llama-graph.cpp,tools/llama-bench/llama-bench.cpp,tools/quantize/quantize.cpp,tools/server/server-context.cpp	not_patch_equivalent	UNRESOLVED_CODE	1	INTENTIONAL_DROP	.devops/nix/package.nix: exploratory/superseded step intentionally not replayed; current TurboQuant implementation in this file reflects later integrated behavior.
67559e580b10e4e47e9a6fd6218873997976886d	Upstream sync to b8871 (64 commits)		not_patch_equivalent	UNRESOLVED_NONCODE	0	INTENTIONAL_DROP	non-code artifact: non-runtime/docs/ci or transient artifact intentionally not required for runtime parity.
f2dc968bdd443f591a7f46fa4117636e9a1dd8c5	cuda: disable sparse V skip (warp divergence regression)	ggml/src/ggml-cuda/fattn-vec.cuh	not_patch_equivalent	UNRESOLVED_CODE	1	PORTED_DIFFERENTLY	ggml/src/ggml-cuda/fattn-vec.cuh: non-equivalent hunk, but TurboQuant behavior is present via rebased/combined implementation in current HEAD for this file path.
11a241d0db78a68e0a5b99fe6f36de6683100f6a	Merge pull request #105 from TheTom/fix/disable-sparse-v-cuda		not_patch_equivalent	UNRESOLVED_NONCODE	0	INTENTIONAL_DROP	non-code artifact: non-runtime/docs/ci or transient artifact intentionally not required for runtime parity.
db3595a755a9260cb76dbb3db18a8ca8fc1a9662	fix(kv-cache): per-side env-knob control for upstream attn rotation, default OFF	src/llama-kv-cache.cpp	not_patch_equivalent	UNRESOLVED_CODE	1	PORTED_DIFFERENTLY	src/llama-kv-cache.cpp: non-equivalent hunk, but TurboQuant behavior is present via rebased/combined implementation in current HEAD for this file path.
817e913ec25c67f7bf45a9cb6b74458fada987b6	fix(kv-cache): unblock per-side ROT_OVERRIDE knobs (default attn_rot_disable=false)	src/llama-kv-cache.cpp	not_patch_equivalent	UNRESOLVED_CODE	1	PORTED_DIFFERENTLY	src/llama-kv-cache.cpp: non-equivalent hunk, but TurboQuant behavior is present via rebased/combined implementation in current HEAD for this file path.
157f27f71fe131f6b70f6febff32a4935f8661f8	perf: turbo VEC flash attention — +9% decode on CUDA via autoresearch	ggml/src/ggml-cuda/fattn-vec.cuh,src/llama-kv-cache.cpp	not_patch_equivalent	UNRESOLVED_CODE	1	PORTED_DIFFERENTLY	ggml/src/ggml-cuda/fattn-vec.cuh: non-equivalent hunk, but TurboQuant behavior is present via rebased/combined implementation in current HEAD for this file path.
b6f8e7f7289e1fd9991686582d3d0003106b792f	fix(llama-graph): n_head_v reshape uses Q-head count, not KV-head count (#78)	src/llama-graph.cpp	present_exact_or_equivalent_in_tree	PORTED_EXACT_TREE	1	PORTED_DIFFERENTLY	src/llama-graph.cpp: commit is represented in tree/history by exact or patch-equivalent integration.
cde3e1ad438e9996842da3672edc0bad29c2a2d3	Merge pull request #116 from TheTom/fix/issue-78-gqa-reshape		not_patch_equivalent	UNRESOLVED_NONCODE	0	INTENTIONAL_DROP	non-code artifact: non-runtime/docs/ci or transient artifact intentionally not required for runtime parity.
0fa61d724afc16fafce61768529dbdf97767ed40	Merge pull request #115 from TheTom/pr53-auto-asymmetric		not_patch_equivalent	UNRESOLVED_NONCODE	0	INTENTIONAL_DROP	non-code artifact: non-runtime/docs/ci or transient artifact intentionally not required for runtime parity.
e0954d1b93e8c97a917bf63482a5fee519510a5f	Merge pull request #111 from TheTom/fix/enable-attn-rot-by-default	src/llama-kv-cache.cpp	not_patch_equivalent	UNRESOLVED_CODE	1	INTENTIONAL_DROP	src/llama-kv-cache.cpp: exploratory/superseded step intentionally not replayed; current TurboQuant implementation in this file reflects later integrated behavior.
d2d0d6e8290cb73c90faa8da6747ee406c1357f5	fix(nix): remove duplicate spirv-headers function arg (#81)	.devops/nix/package.nix	not_patch_equivalent	UNRESOLVED_NONCODE	0	INTENTIONAL_DROP	.devops/nix/package.nix: non-runtime/docs/ci or transient artifact intentionally not required for runtime parity.
4f331667d9badcc71ab864f1e298591061d82050	Merge pull request #117 from TheTom/fix/issue-81-nix-spirv-dupe		not_patch_equivalent	UNRESOLVED_NONCODE	0	INTENTIONAL_DROP	non-code artifact: non-runtime/docs/ci or transient artifact intentionally not required for runtime parity.
fec0719a386b8c03d2c1b219f1c37582a407a9d7	vulkan: add SET_ROWS support for turbo2_0 and turbo4_0 (#50)	ggml/src/ggml-vulkan/ggml-vulkan.cpp,ggml/src/ggml-vulkan/vulkan-shaders/copy_to_quant.comp,ggml/src/ggml-vulkan/vulkan-shaders/types.glsl,ggml/src/ggml-vulkan/vulkan-shaders/vulkan-shaders-gen.cpp	not_patch_equivalent	UNRESOLVED_CODE	1	PORTED_DIFFERENTLY	ggml/src/ggml-vulkan/ggml-vulkan.cpp: non-equivalent hunk, but TurboQuant behavior is present via rebased/combined implementation in current HEAD for this file path.
60fc4954787591fea5ad93e224d0a9a4407370c1	Merge pull request #118 from TheTom/fix/issue-50-vulkan-set-rows-turbo24		not_patch_equivalent	UNRESOLVED_NONCODE	0	INTENTIONAL_DROP	non-code artifact: non-runtime/docs/ci or transient artifact intentionally not required for runtime parity.
170bd4b83cbd1fd80d4640d7fcf3c38789a41a9d	server: fix heap-buffer-overflow from negative n_discard (CVE-2026-21869) (#22267)	tools/server/server-task.cpp	patch_equivalent_in_history	PORTED_PATCH_EQ_HISTORY	1	PORTED_DIFFERENTLY	tools/server/server-task.cpp: commit is represented in tree/history by exact or patch-equivalent integration.
69d8e4be47243e83b3d0d71e932bc7aa61c644dc	Merge pull request #122 from TheTom/fix/cve-2026-21869-n-discard-clamp		patch_equivalent_in_history	PORTED_PATCH_EQ_HISTORY	0	PORTED_DIFFERENTLY	multiple files: commit is represented in tree/history by exact or patch-equivalent integration.
e69af784add62d5d3b3321abc0e3068df41143e7	fix(fattn): add (turbo*, F16) template instantiations	ggml/src/ggml-cuda/CMakeLists.txt,ggml/src/ggml-cuda/fattn-vec.cuh,ggml/src/ggml-cuda/fattn.cu,ggml/src/ggml-cuda/template-instances/fattn-vec-instance-turbo2_0-f16.cu,ggml/src/ggml-cuda/template-instances/fattn-vec-instance-turbo3_0-f16.cu,ggml/src/ggml-cuda/template-instances/fattn-vec-instance-turbo4_0-f16.cu	present_exact_or_equivalent_in_tree	PORTED_EXACT_TREE	1	PORTED_DIFFERENTLY	ggml/src/ggml-cuda/CMakeLists.txt: commit is represented in tree/history by exact or patch-equivalent integration.
7e341660d42e1dacf600bcc14573b9c893354493	fix(perplexity): cast n_ctx * nv to size_t in KL logits save (#138)	tools/perplexity/perplexity.cpp	patch_equivalent_in_history	PORTED_PATCH_EQ_HISTORY	1	PORTED_DIFFERENTLY	tools/perplexity/perplexity.cpp: commit is represented in tree/history by exact or patch-equivalent integration.
5aeb2fdbe26cd4c534c6fa15de73cb5749bd0403	fix(hip): add (turbo*, F16) template-instance .cu files to HIP build	ggml/src/ggml-hip/CMakeLists.txt	present_exact_or_equivalent_in_tree	PORTED_EXACT_TREE	1	PORTED_DIFFERENTLY	ggml/src/ggml-hip/CMakeLists.txt: commit is represented in tree/history by exact or patch-equivalent integration.
e30bbcfe53a7c2576d0c621b9548d2305c735079	merge: upstream/master @ 4f13cb742 (b9190) into feature/turboquant-kv-cache	.devops/nix/package.nix,common/arg.cpp,common/common.cpp,ggml/include/ggml.h,ggml/src/CMakeLists.txt,ggml/src/ggml-cpu/ggml-cpu.c,ggml/src/ggml-cpu/ops.cpp,ggml/src/ggml-cpu/ops.h,ggml/src/ggml-cuda/common.cuh,ggml/src/ggml-cuda/fattn-mma-f16.cuh,ggml/src/ggml-cuda/fattn-tile.cu,ggml/src/ggml-cuda/fattn-tile.cuh,ggml/src/ggml-cuda/fattn.cu,ggml/src/ggml-cuda/ggml-cuda.cu,ggml/src/ggml-cuda/template-instances/fattn-mma-f16-instance-ncols1_1-ncols2_16.cu,ggml/src/ggml-cuda/template-instances/fattn-mma-f16-instance-ncols1_2-ncols2_16.cu,ggml/src/ggml-cuda/template-instances/fattn-mma-f16-instance-ncols1_4-ncols2_16.cu,ggml/src/ggml-cuda/vendors/hip.h,ggml/src/ggml-metal/ggml-metal-device.cpp,ggml/src/ggml-metal/ggml-metal-device.h,ggml/src/ggml-metal/ggml-metal-device.m,ggml/src/ggml-metal/ggml-metal-impl.h,ggml/src/ggml-metal/ggml-metal-ops.cpp,ggml/src/ggml-metal/ggml-metal.metal,ggml/src/ggml-vulkan/vulkan-shaders/flash_attn.comp,ggml/src/ggml.c,gguf-py/gguf/constants.py,include/llama.h,src/llama-context.cpp,src/llama-graph.cpp,src/llama-kv-cache.cpp,src/llama-memory-hybrid.cpp,src/llama-memory-hybrid.h,src/llama-memory.h,src/llama-model-loader.cpp,src/llama-quant.cpp,tests/test-backend-ops.cpp,tools/llama-bench/llama-bench.cpp,tools/server/server-context.cpp	not_patch_equivalent	UNRESOLVED_CODE	1	PORTED_DIFFERENTLY	.devops/nix/package.nix: non-equivalent hunk, but TurboQuant behavior is present via rebased/combined implementation in current HEAD for this file path.
7f23abad6f945483c2553ae09c1d3bb18e8aa97f	fix(metal): set ne12/ne13/r2/r3 function constants in mul_mm_tq_rotated pipeline	ggml/src/ggml-metal/ggml-metal-device.cpp	present_exact_or_equivalent_in_tree	PORTED_EXACT_TREE	1	PORTED_DIFFERENTLY	ggml/src/ggml-metal/ggml-metal-device.cpp: commit is represented in tree/history by exact or patch-equivalent integration.
bf590c72390d2be4492ee99f634a0b15706f9642	fix(turbo-quant): add forward declaration for turbo_cpu_fwht_inverse	ggml/src/ggml-turbo-quant.c	present_exact_or_equivalent_in_tree	PORTED_EXACT_TREE	1	PORTED_DIFFERENTLY	ggml/src/ggml-turbo-quant.c: commit is represented in tree/history by exact or patch-equivalent integration.
2191d702eb87aeaeceb395f6d8379432ecc185cb	fix(ggml-cuda): HIP nodiscard + MUSA cudaMemcpyToSymbol alias	ggml/src/ggml-cuda/fattn-common.cuh,ggml/src/ggml-cuda/vendors/musa.h	not_patch_equivalent	UNRESOLVED_CODE	1	PORTED_DIFFERENTLY	ggml/src/ggml-cuda/fattn-common.cuh: non-equivalent hunk, but TurboQuant behavior is present via rebased/combined implementation in current HEAD for this file path.
4e35153ace7555916c835127e368efec439d89a0	cmake : fix LLAMA_BUILD_UI logic (#23190)	CMakeLists.txt,common/common.h,tools/server/server-http.cpp,tools/ui/CMakeLists.txt	patch_equivalent_in_history	PORTED_PATCH_EQ_HISTORY	1	PORTED_DIFFERENTLY	CMakeLists.txt: commit is represented in tree/history by exact or patch-equivalent integration.
c654c4c2629c6c1ae1fd1fff9295284bb3a13c20	fix(ci): 4 cross-vendor -Werror failures + defensive xxd.cmake	ggml/src/ggml-cuda/fattn-mma-f16.cuh,ggml/src/ggml-cuda/vendors/musa.h,scripts/xxd.cmake,src/llama-kv-cache.cpp	patch_equivalent_in_history	PORTED_PATCH_EQ_HISTORY	1	PORTED_DIFFERENTLY	ggml/src/ggml-cuda/fattn-mma-f16.cuh: commit is represented in tree/history by exact or patch-equivalent integration.
eef2db43922369c7f61803002d5547a30d0481fc	fix(xxd.cmake): handle missing input file (not just empty)	scripts/xxd.cmake	patch_equivalent_in_history	PORTED_PATCH_EQ_HISTORY	1	PORTED_DIFFERENTLY	scripts/xxd.cmake: commit is represented in tree/history by exact or patch-equivalent integration.
2b61ea24ef4fef435866301b7c953434e4fcb866	Merge pull request #146 from TheTom/sync/upstream-b9190-mtp		patch_equivalent_in_history	PORTED_PATCH_EQ_HISTORY	0	PORTED_DIFFERENTLY	multiple files: commit is represented in tree/history by exact or patch-equivalent integration.
d6f7c032f15e9674170f6741c7dbfac79417811c	docs: replace upstream README with fork-specific summary	README.md	patch_equivalent_in_history	PORTED_PATCH_EQ_HISTORY	0	PORTED_DIFFERENTLY	README.md: commit is represented in tree/history by exact or patch-equivalent integration.
2c5146f8beb80a8e43735f58df6e22f7163555e7	docs: keep upstream README, prepend fork-specific summary	README.md	patch_equivalent_in_history	PORTED_PATCH_EQ_HISTORY	0	PORTED_DIFFERENTLY	README.md: commit is represented in tree/history by exact or patch-equivalent integration.
2a7599ee2b061344afadf4665f928d44121d54f7	docs: tighten README — add turbo2, missing features, paper links	README.md	patch_equivalent_in_history	PORTED_PATCH_EQ_HISTORY	0	PORTED_DIFFERENTLY	README.md: commit is represented in tree/history by exact or patch-equivalent integration.
99efa2f4b96dfd704fd2bdb06892b8d528d7d2f9	docs: restructure README — professional layout, deployments, paper links	README.md	patch_equivalent_in_history	PORTED_PATCH_EQ_HISTORY	0	PORTED_DIFFERENTLY	README.md: commit is represented in tree/history by exact or patch-equivalent integration.
c82ad603e1a2bd2d657d0379aa544596446713f5	docs(readme): add Chronara to deployments + AtomicChat link	README.md	patch_equivalent_in_history	PORTED_PATCH_EQ_HISTORY	0	PORTED_DIFFERENTLY	README.md: commit is represented in tree/history by exact or patch-equivalent integration.
1e4c0cc98a23df10c79b6cb8250227094c1bb255	docs(readme): reorder KV configs as a ladder + 'start light' guidance	README.md	patch_equivalent_in_history	PORTED_PATCH_EQ_HISTORY	0	PORTED_DIFFERENTLY	README.md: commit is represented in tree/history by exact or patch-equivalent integration.
4a16c07790aa9b93b1986ce7147037d0f8141933	docs(readme): fix turbo ladder ordering + cite K-compression paper	README.md	patch_equivalent_in_history	PORTED_PATCH_EQ_HISTORY	0	PORTED_DIFFERENTLY	README.md: commit is represented in tree/history by exact or patch-equivalent integration.
2cbfdc62a1a047b01377948dfdede8cb6a744866	docs(readme): credit Google's original TurboQuant + explain the '+'	README.md	patch_equivalent_in_history	PORTED_PATCH_EQ_HISTORY	0	PORTED_DIFFERENTLY	README.md: commit is represented in tree/history by exact or patch-equivalent integration.
a09bafedd84301e70f504dd5e9158a9c3d03084d	vulkan: restore turbo_wht op + turbo3/4 FA dispatch (regression from b9190 upstream sync)	ggml/src/ggml-vulkan/ggml-vulkan.cpp,ggml/src/ggml-vulkan/vulkan-shaders/flash_attn.comp,ggml/src/ggml-vulkan/vulkan-shaders/flash_attn_base.glsl,ggml/src/ggml-vulkan/vulkan-shaders/flash_attn_cm1.comp,ggml/src/ggml-vulkan/vulkan-shaders/flash_attn_dequant.glsl,ggml/src/ggml-vulkan/vulkan-shaders/vulkan-shaders-gen.cpp	patch_equivalent_in_history	PORTED_PATCH_EQ_HISTORY	1	PORTED_DIFFERENTLY	ggml/src/ggml-vulkan/ggml-vulkan.cpp: commit is represented in tree/history by exact or patch-equivalent integration.
112da02d15f35c041cdecfc6bb29b2d362003061	Merge pull request #160 from TheTom/tturney/vulkan-rdna4-repro		patch_equivalent_in_history	PORTED_PATCH_EQ_HISTORY	0	PORTED_DIFFERENTLY	multiple files: commit is represented in tree/history by exact or patch-equivalent integration.
253b00a11d1e801d1f058452e4734923b8afd778	vocab: add minicpm5 pre-tokenizer (#161)	src/llama-vocab.cpp,src/llama-vocab.h	patch_equivalent_in_history	PORTED_PATCH_EQ_HISTORY	1	PORTED_DIFFERENTLY	src/llama-vocab.cpp: commit is represented in tree/history by exact or patch-equivalent integration.
02f9af61280d5d731a2d69152400d424f273557d	fix(cuda): MTP + sm_89 compatibility fixes for GCC 12 host compiler (#150)	ggml/src/ggml-cuda/CMakeLists.txt,ggml/src/ggml-cuda/common.cuh	present_exact_or_equivalent_in_tree	PORTED_EXACT_TREE	1	PORTED_DIFFERENTLY	ggml/src/ggml-cuda/CMakeLists.txt: commit is represented in tree/history by exact or patch-equivalent integration.
8cc38c2a6d56eafddc81684086622b832980476f	CUDA driver bug fixes for RTX 50xx (sm_100/sm_120) with NVIDIA driver 570+ (#154)	ggml/src/ggml-cuda/ggml-cuda.cu	present_exact_or_equivalent_in_tree	PORTED_EXACT_TREE	1	PORTED_DIFFERENTLY	ggml/src/ggml-cuda/ggml-cuda.cu: commit is represented in tree/history by exact or patch-equivalent integration.
9682c9b385ec1efb42783c861913de2b95a18f55	spec: avoid all-token outputs during MTP prefill (#149)	common/speculative.cpp,src/llama-context.cpp,src/llama-context.h,src/llama-graph.cpp,src/models/qwen35.cpp,src/models/qwen35moe.cpp,tools/server/server-context.cpp	patch_equivalent_in_history	PORTED_PATCH_EQ_HISTORY	1	PORTED_DIFFERENTLY	common/speculative.cpp: commit is represented in tree/history by exact or patch-equivalent integration.
8e12d35d0e4ef8141cba169165db903a02b77e83	server: tighten cache_key slot reuse (#157)	common/arg.cpp,common/common.h,tools/server/README.md,tools/server/server-context.cpp,tools/server/server-task.h	patch_equivalent_in_history	PORTED_PATCH_EQ_HISTORY	1	PORTED_DIFFERENTLY	common/arg.cpp: commit is represented in tree/history by exact or patch-equivalent integration.
a62320c2c1366b7b78c6692598f68c7390db7488	mtmd: port gemma4uv/gemma4ua support — fixes Gemma 4 12B vision (#163) (#168)	conversion/__init__.py,conversion/gemma.py,ggml/src/ggml-metal/ggml-metal-device.m,gguf-py/gguf/constants.py,gguf-py/gguf/gguf_writer.py,gguf-py/gguf/tensor_mapping.py,src/llama-arch.cpp,src/llama-arch.h,src/llama-vocab.cpp,src/llama-vocab.h,src/models/gemma4.cpp,tools/mtmd/CMakeLists.txt,tools/mtmd/clip-impl.h,tools/mtmd/clip-model.h,tools/mtmd/clip.cpp,tools/mtmd/models/gemma4ua.cpp,tools/mtmd/models/gemma4uv.cpp,tools/mtmd/models/models.h,tools/mtmd/mtmd-audio.cpp,tools/mtmd/mtmd-audio.h,tools/mtmd/mtmd.cpp	patch_equivalent_in_history	PORTED_PATCH_EQ_HISTORY	1	PORTED_DIFFERENTLY	conversion/__init__.py: commit is represented in tree/history by exact or patch-equivalent integration.
c9aa86a7c33d01e31f83e5950aaa09b463a96790	fix: add host-staged cross-GPU copy fallback for non-NVLink multi-GPU (#164)	ggml/src/ggml-cuda/common.cuh,ggml/src/ggml-cuda/ggml-cuda.cu	patch_equivalent_in_history	PORTED_PATCH_EQ_HISTORY	1	PORTED_DIFFERENTLY	ggml/src/ggml-cuda/common.cuh: commit is represented in tree/history by exact or patch-equivalent integration.
7d9715f1f071fa07c7b2ad3dbfd320b314139e65	server: fix router child process lifecycle deadlock (dining philosophers) (#165)	scripts/sync_vendor.py,tools/server/server-models.cpp,tools/server/server-models.h,tools/server/server.cpp,vendor/sheredom/subprocess.h	patch_equivalent_in_history	PORTED_PATCH_EQ_HISTORY	1	PORTED_DIFFERENTLY	scripts/sync_vendor.py: commit is represented in tree/history by exact or patch-equivalent integration.
47106bd3ae2c65259a4502aa876ebd7c295724f7	fork: drop pre-norm Qwen MTP (#149) ahead of upstream MTP lineage	common/speculative.cpp,src/llama-context.cpp,src/llama-context.h,src/llama-graph.cpp,src/models/qwen35.cpp,src/models/qwen35moe.cpp,tools/server/server-context.cpp	patch_equivalent_in_history	PORTED_PATCH_EQ_HISTORY	1	PORTED_DIFFERENTLY	common/speculative.cpp: commit is represented in tree/history by exact or patch-equivalent integration.
19c7616dd6911a703f5bf6528e0eb025a7fb2ce8	llama: avoid copying logits during prompt decode in MTP (#23198)	common/speculative.cpp,common/speculative.h,src/llama-context.cpp,src/llama-context.h,src/llama-cparams.h,src/llama-ext.h,src/llama-graph.cpp,src/models/qwen35.cpp,src/models/qwen35moe.cpp,tools/server/server-context.cpp	patch_equivalent_in_history	PORTED_PATCH_EQ_HISTORY	1	PORTED_DIFFERENTLY	common/speculative.cpp: commit is represented in tree/history by exact or patch-equivalent integration.
672261e7214951ff6a9cd6574d6f57e101784a6b	llama : MTP clean-up (#23269)	common/arg.cpp,common/common.cpp,common/common.h,common/ngram-map.cpp,common/speculative.cpp,docs/speculative.md,src/llama-graph.h,src/llama-memory-hybrid-iswa.cpp,src/llama-memory-hybrid.cpp,src/llama-memory-recurrent.cpp,src/llama-memory-recurrent.h,src/models/delta-net-base.cpp,src/models/models.h,tools/cli/README.md,tools/server/README.md	patch_equivalent_in_history	PORTED_PATCH_EQ_HISTORY	1	PORTED_DIFFERENTLY	common/arg.cpp: commit is represented in tree/history by exact or patch-equivalent integration.
41aef76b0d48e0ae6dbe15cb202b4fd1993edc47	model : clarify MTP layer comment in qwen35.cpp [no ci] (#23338)	src/models/qwen35.cpp	patch_equivalent_in_history	PORTED_PATCH_EQ_HISTORY	1	PORTED_DIFFERENTLY	src/models/qwen35.cpp: commit is represented in tree/history by exact or patch-equivalent integration.
1c9f2dfaf3ae42c61b18748d25c98650d5a1e8dd	common/speculative : fix nullptr crash in get_devices_str (#23386)	common/speculative.cpp	present_exact_or_equivalent_in_tree	PORTED_EXACT_TREE	1	PORTED_DIFFERENTLY	common/speculative.cpp: commit is represented in tree/history by exact or patch-equivalent integration.
697d19c3328a2bdbca8bdd82ba650e118e10a3a1	Move to backend sampling for MTP draft path (#23287)	common/arg.cpp,common/common.h,common/speculative.cpp,src/llama-context.cpp	patch_equivalent_in_history	PORTED_PATCH_EQ_HISTORY	1	PORTED_DIFFERENTLY	common/arg.cpp: commit is represented in tree/history by exact or patch-equivalent integration.
57cffb2ae52ce688a5703f2f5e4e72a2a567c312	llama-graph: fix null-buffer crash in llm_graph_input_attn_kv_iswa for SWA-only models (#23131)	src/llama-graph.cpp	patch_equivalent_in_history	PORTED_PATCH_EQ_HISTORY	1	PORTED_DIFFERENTLY	src/llama-graph.cpp: commit is represented in tree/history by exact or patch-equivalent integration.
676b3edcb92a790c762d6bd24e9826dc200964fb	mtp: use inp_out_ids for skipping logit computation (#23433)	src/models/qwen35.cpp,src/models/qwen35moe.cpp	patch_equivalent_in_history	PORTED_PATCH_EQ_HISTORY	1	PORTED_DIFFERENTLY	src/models/qwen35.cpp: commit is represented in tree/history by exact or patch-equivalent integration.
46cc11a79d6c58723928fed63a48d56d5000d82b	model : add NVFP4 MTP scale tensors (#23563)	src/llama-model.cpp,src/llama-model.h,src/models/qwen35.cpp,src/models/qwen35moe.cpp	present_exact_or_equivalent_in_tree	PORTED_EXACT_TREE	1	PORTED_DIFFERENTLY	src/llama-model.cpp: commit is represented in tree/history by exact or patch-equivalent integration.
ab11a715a072dbc78923bf83d3349811f8420978	llama: add llm_graph_input_mtp (#23643)	src/llama-graph.cpp,src/llama-graph.h,src/models/qwen35.cpp,src/models/qwen35moe.cpp	present_exact_or_equivalent_in_tree	PORTED_EXACT_TREE	1	PORTED_DIFFERENTLY	src/llama-graph.cpp: commit is represented in tree/history by exact or patch-equivalent integration.
337e04cee72e1813d554a1d47c3724dc6fc1202e	speculative : fix n_outputs_max and remove draft-simple auto-enable (#23988)	common/arg.cpp,common/speculative.cpp,common/speculative.h,src/llama-context.cpp,tools/server/server-context.cpp	patch_equivalent_in_history	PORTED_PATCH_EQ_HISTORY	1	PORTED_DIFFERENTLY	common/arg.cpp: commit is represented in tree/history by exact or patch-equivalent integration.
75606176f735c1cc4e127fb82ce441e82b26f03d	tests : add support for qwen3 SSM archs (#24031)	src/llama-arch.cpp,src/llama-arch.h,src/llama-hparams.cpp,src/llama-hparams.h,src/llama-memory-hybrid-iswa.cpp,src/llama-memory-hybrid.cpp,src/llama-model-loader.cpp,src/llama-model-saver.cpp,src/llama-model.cpp,src/models/falcon-h1.cpp,src/models/gemma4.cpp,src/models/granite-hybrid.cpp,src/models/jamba.cpp,src/models/kimi-linear.cpp,src/models/lfm2.cpp,src/models/lfm2moe.cpp,src/models/llama4.cpp,src/models/mimo2.cpp,src/models/nemotron-h.cpp,src/models/plamo2.cpp,src/models/qwen35.cpp,src/models/qwen35moe.cpp,src/models/qwen3next.cpp,src/models/step35.cpp	patch_equivalent_in_history	PORTED_PATCH_EQ_HISTORY	1	PORTED_DIFFERENTLY	src/llama-arch.cpp: commit is represented in tree/history by exact or patch-equivalent integration.
0c809f0c1f3d5e3f4f12b2c5aa5cba2a2e89801a	qwen35: use post-norm hidden state for MTP (#24025)	common/speculative.cpp,common/speculative.h,src/llama-context.cpp,src/llama-context.h,src/llama-cparams.h,src/llama-ext.h,src/llama-graph.cpp,src/llama-graph.h,src/models/qwen35.cpp,src/models/qwen35moe.cpp,src/models/step35.cpp,tools/server/server-context.cpp	patch_equivalent_in_history	PORTED_PATCH_EQ_HISTORY	1	PORTED_DIFFERENTLY	common/speculative.cpp: commit is represented in tree/history by exact or patch-equivalent integration.
d55c844ffb8b625b16d750aaf7c93551bdbdee7f	hparams : refactor `hparams.n_layer` (#24060)	src/llama-adapter.cpp,src/llama-context.cpp,src/llama-graph.cpp,src/llama-hparams.cpp,src/llama-hparams.h,src/llama-kv-cache.cpp,src/llama-memory-recurrent.cpp,src/llama-model-loader.cpp,src/llama-model-saver.cpp,src/llama-model.cpp,src/llama-model.h,src/llama-quant.cpp,src/models/afmoe.cpp,src/models/apertus.cpp,src/models/arcee.cpp,src/models/arctic.cpp,src/models/arwkv7.cpp,src/models/baichuan.cpp,src/models/bailingmoe.cpp,src/models/bailingmoe2.cpp,src/models/bert.cpp,src/models/bitnet.cpp,src/models/bloom.cpp,src/models/chameleon.cpp,src/models/chatglm.cpp,src/models/codeshell.cpp,src/models/cogvlm.cpp,src/models/cohere2.cpp,src/models/command-r.cpp,src/models/dbrx.cpp,src/models/deci.cpp,src/models/deepseek2.cpp,src/models/deepseek2ocr.cpp,src/models/dots1.cpp,src/models/dream.cpp,src/models/ernie4-5.cpp,src/models/eurobert.cpp,src/models/exaone-moe.cpp,src/models/exaone.cpp,src/models/exaone4.cpp,src/models/falcon-h1.cpp,src/models/falcon.cpp,src/models/gemma-embedding.cpp,src/models/gemma.cpp,src/models/gemma2.cpp,src/models/gemma3.cpp,src/models/gemma3n.cpp,src/models/gemma4.cpp,src/models/glm-dsa.cpp,src/models/glm4-moe.cpp,src/models/glm4.cpp,src/models/gpt2.cpp,src/models/gptneox.cpp,src/models/granite-hybrid.cpp,src/models/granite-moe.cpp,src/models/granite.cpp,src/models/grok.cpp,src/models/grovemoe.cpp,src/models/hunyuan-moe.cpp,src/models/internlm2.cpp,src/models/jais.cpp,src/models/jais2.cpp,src/models/jamba.cpp,src/models/jina-bert-v2.cpp,src/models/jina-bert-v3.cpp,src/models/kimi-linear.cpp,src/models/lfm2.cpp,src/models/lfm2moe.cpp,src/models/llada-moe.cpp,src/models/llada.cpp,src/models/llama.cpp,src/models/llama4.cpp,src/models/maincoder.cpp,src/models/mamba.cpp,src/models/mamba2.cpp,src/models/mimo2.cpp,src/models/minicpm.cpp,src/models/minicpm3.cpp,src/models/minimax-m2.cpp,src/models/mistral3.cpp,src/models/modern-bert.cpp,src/models/mpt.cpp,src/models/nemotron-h.cpp,src/models/nemotron.cpp,src/models/neo-bert.cpp,src/models/nomic-bert-moe.cpp,src/models/nomic-bert.cpp,src/models/olmo.cpp,src/models/olmo2.cpp,src/models/olmoe.cpp,src/models/openai-moe.cpp,src/models/openelm.cpp,src/models/orion.cpp,src/models/pangu-embed.cpp,src/models/phi2.cpp,src/models/phi3.cpp,src/models/phimoe.cpp,src/models/plamo.cpp,src/models/plamo2.cpp,src/models/plamo3.cpp,src/models/plm.cpp,src/models/qwen.cpp,src/models/qwen2.cpp,src/models/qwen2moe.cpp,src/models/qwen3.cpp,src/models/qwen35.cpp,src/models/qwen35moe.cpp,src/models/qwen3moe.cpp,src/models/qwen3next.cpp,src/models/qwen3vl.cpp,src/models/qwen3vlmoe.cpp,src/models/refact.cpp,src/models/rnd1.cpp,src/models/rwkv6.cpp,src/models/rwkv6qwen2.cpp,src/models/rwkv7.cpp,src/models/seed-oss.cpp,src/models/smallthinker.cpp,src/models/smollm3.cpp,src/models/stablelm.cpp,src/models/starcoder.cpp,src/models/starcoder2.cpp,src/models/step35.cpp,src/models/t5.cpp,src/models/xverse.cpp	patch_equivalent_in_history	PORTED_PATCH_EQ_HISTORY	1	PORTED_DIFFERENTLY	src/llama-adapter.cpp: commit is represented in tree/history by exact or patch-equivalent integration.
6d9a4a89345a248255eaf5d4e561a7f0b73bac0c	spec : fix vocab compatibility check (#24256)	common/speculative.cpp	patch_equivalent_in_history	PORTED_PATCH_EQ_HISTORY	1	PORTED_DIFFERENTLY	common/speculative.cpp: commit is represented in tree/history by exact or patch-equivalent integration.
d1e70aaf024d469aa3a2f443880335fb565d5e19	llama : add Gemma4 MTP (#23398)	common/speculative.cpp,conversion/__init__.py,conversion/gemma.py,gguf-py/gguf/constants.py,gguf-py/gguf/tensor_mapping.py,include/llama.h,src/llama-arch.cpp,src/llama-arch.h,src/llama-context.cpp,src/llama-context.h,src/llama-cparams.h,src/llama-ext.h,src/llama-graph.cpp,src/llama-graph.h,src/llama-hparams.cpp,src/llama-hparams.h,src/llama-kv-cache-dsa.cpp,src/llama-kv-cache-iswa.cpp,src/llama-kv-cache-iswa.h,src/llama-kv-cache.cpp,src/llama-kv-cache.h,src/llama-memory-hybrid-iswa.cpp,src/llama-memory-hybrid.cpp,src/llama-memory.h,src/llama-model.cpp,src/llama-model.h,src/models/gemma4-assistant.cpp,src/models/gemma4.cpp,src/models/models.h,tests/test-llama-archs.cpp,tools/server/server-context.cpp	patch_equivalent_in_history	PORTED_PATCH_EQ_HISTORY	1	PORTED_DIFFERENTLY	common/speculative.cpp: commit is represented in tree/history by exact or patch-equivalent integration.
2f756e67e3e59f06120e863bffc47f31adc77aa8	fork: reconcile MTP lineage with TurboQuant+ KV cache	common/common.cpp,common/common.h,include/llama.h,src/llama-context.cpp,src/llama-cparams.h,src/llama-hparams.cpp,src/llama-hparams.h,src/llama-kv-cache-iswa.cpp,src/llama-kv-cache.cpp,src/llama-memory-hybrid.cpp,src/llama-model.cpp,src/models/step35.cpp,tools/server/server-context.cpp	patch_equivalent_in_history	PORTED_PATCH_EQ_HISTORY	1	PORTED_DIFFERENTLY	common/common.cpp: commit is represented in tree/history by exact or patch-equivalent integration.
de389e02144224035641ceb786d856e4f3fe736c	vulkan: fix f16vec4 casts in cm1 FA quantized K/V decode paths	ggml/src/ggml-vulkan/vulkan-shaders/flash_attn_cm1.comp	patch_equivalent_in_history	PORTED_PATCH_EQ_HISTORY	1	PORTED_DIFFERENTLY	ggml/src/ggml-vulkan/vulkan-shaders/flash_attn_cm1.comp: commit is represented in tree/history by exact or patch-equivalent integration.
469c9c43258bb5300da0148fb72ad3768aa69f33	mtp: fix standalone all-nextn draft KV cache (gemma4-assistant)	src/llama-graph.cpp,src/llama-kv-cache.cpp	patch_equivalent_in_history	PORTED_PATCH_EQ_HISTORY	1	PORTED_DIFFERENTLY	src/llama-graph.cpp: commit is represented in tree/history by exact or patch-equivalent integration.
3c0efbdc673a130c4257007496fd60719beee6f0	HIP/MUSA: fix build break from unguarded 3D peer memcpy and bare cudaEventCreate (#173)	ggml/src/ggml-cuda/ggml-cuda.cu,ggml/src/ggml-cuda/vendors/hip.h,ggml/src/ggml-cuda/vendors/musa.h	patch_equivalent_in_history	PORTED_PATCH_EQ_HISTORY	1	PORTED_DIFFERENTLY	ggml/src/ggml-cuda/ggml-cuda.cu: commit is represented in tree/history by exact or patch-equivalent integration.
2e68087aab08bcf446b1b9b3b4066410bd7eb959	Merge pull request #172 from TheTom/feat/gemma4-mtp		patch_equivalent_in_history	PORTED_PATCH_EQ_HISTORY	0	PORTED_DIFFERENTLY	multiple files: commit is represented in tree/history by exact or patch-equivalent integration.
73eb521daebc85da7c91d37178940b99a5524cf6	CUDA/HIP: fix -Werror CI failures (unused warp_id, missing D=640 CDNA FA config) (#174)	ggml/src/ggml-cuda/fattn-mma-f16.cuh,ggml/src/ggml-cuda/set-rows.cu,scripts/hip/gcn-cdna-vgpr-check.py	patch_equivalent_in_history	PORTED_PATCH_EQ_HISTORY	1	PORTED_DIFFERENTLY	ggml/src/ggml-cuda/fattn-mma-f16.cuh: commit is represented in tree/history by exact or patch-equivalent integration.
0b8bdb264e152aaac71f265e491711beca17f205	server: fix abort on exact prompt-cache match with hybrid/recurrent models	tools/server/server-context.cpp	present_exact_or_equivalent_in_tree	PORTED_EXACT_TREE	1	PORTED_DIFFERENTLY	tools/server/server-context.cpp: commit is represented in tree/history by exact or patch-equivalent integration.
f0d5cc9f71babf7cba8679a06efd602d26b70b06	Merge pull request #175 from kmehan/fix/recurrent-seq-rm-exact-match-abort		patch_equivalent_in_history	PORTED_PATCH_EQ_HISTORY	0	PORTED_DIFFERENTLY	multiple files: commit is represented in tree/history by exact or patch-equivalent integration.
7985f6b90bf19881ab7c7a8444954e91cae36056	HIP: fix turbo KV decode crash under graph capture; batch-aware VEC/TILE FA routing (#176)	ggml/src/ggml-cuda/fattn-common.cuh,ggml/src/ggml-cuda/fattn.cu	patch_equivalent_in_history	PORTED_PATCH_EQ_HISTORY	1	PORTED_DIFFERENTLY	ggml/src/ggml-cuda/fattn-common.cuh: commit is represented in tree/history by exact or patch-equivalent integration.
d75ef87aee9b8993759edbbc49f9f458c9db74c1	Merge upstream/master into feature/turboquant-kv-cache	.devops/nix/package.nix,README.md,TURBOQUANT_UPSTREAM_MERGE.md,common/arg.cpp,common/common.cpp,common/common.h,ggml/include/ggml.h,ggml/src/CMakeLists.txt,ggml/src/ggml-cpu/ggml-cpu.c,ggml/src/ggml-cpu/ops.cpp,ggml/src/ggml-cpu/ops.h,ggml/src/ggml-cuda/CMakeLists.txt,ggml/src/ggml-cuda/common.cuh,ggml/src/ggml-cuda/fattn-common.cuh,ggml/src/ggml-cuda/fattn-mma-f16.cuh,ggml/src/ggml-cuda/fattn-tile.cuh,ggml/src/ggml-cuda/fattn-vec.cuh,ggml/src/ggml-cuda/fattn.cu,ggml/src/ggml-cuda/ggml-cuda.cu,ggml/src/ggml-cuda/set-rows.cu,ggml/src/ggml-cuda/vendors/hip.h,ggml/src/ggml-metal/ggml-metal-device.cpp,ggml/src/ggml-metal/ggml-metal-device.h,ggml/src/ggml-metal/ggml-metal-device.m,ggml/src/ggml-metal/ggml-metal-ops.cpp,ggml/src/ggml-metal/ggml-metal.metal,ggml/src/ggml-quants.c,ggml/src/ggml-vulkan/ggml-vulkan.cpp,ggml/src/ggml-vulkan/vulkan-shaders/dequant_funcs.glsl,ggml/src/ggml-vulkan/vulkan-shaders/dequant_funcs_cm2.glsl,ggml/src/ggml-vulkan/vulkan-shaders/flash_attn.comp,ggml/src/ggml-vulkan/vulkan-shaders/flash_attn_base.glsl,ggml/src/ggml-vulkan/vulkan-shaders/flash_attn_cm1.comp,ggml/src/ggml-vulkan/vulkan-shaders/flash_attn_dequant.glsl,ggml/src/ggml-vulkan/vulkan-shaders/types.glsl,ggml/src/ggml-vulkan/vulkan-shaders/vulkan-shaders-gen.cpp,ggml/src/ggml.c,gguf-py/gguf/constants.py,include/llama.h,scripts/sync_vendor.py,src/llama-context.cpp,src/llama-graph.cpp,src/llama-hparams.h,src/llama-kv-cache.cpp,src/llama-kv-cache.h,src/llama-model-loader.cpp,src/llama-vocab.cpp,src/llama-vocab.h,tests/test-backend-ops.cpp,tools/llama-bench/llama-bench.cpp,tools/perplexity/perplexity.cpp,tools/quantize/quantize.cpp,tools/server/README.md,tools/server/server-context.cpp,tools/server/server-models.cpp,tools/server/server-models.h,tools/server/server-task.h,tools/server/server.cpp	not_patch_equivalent	UNRESOLVED_CODE	1	INTENTIONAL_DROP	.devops/nix/package.nix: exploratory/superseded step intentionally not replayed; current TurboQuant implementation in this file reflects later integrated behavior.
ed81ed03e0c5f3b9054949b6c20660936bda22f2	CUDA/HIP: implement get_rows for TQ4_1S and TQ3_1S	ggml/src/ggml-cuda/getrows.cu	not_patch_equivalent	UNRESOLVED_CODE	1	PORTED_DIFFERENTLY	ggml/src/ggml-cuda/getrows.cu: non-equivalent hunk, but TurboQuant behavior is present via rebased/combined implementation in current HEAD for this file path.
7d5ac40c21acb3f37c8ccc218e2983a99745c684	vulkan: fix botched-merge FA shader preprocessor + gate turbo FA	ggml/src/ggml-vulkan/ggml-vulkan.cpp,ggml/src/ggml-vulkan/vulkan-shaders/flash_attn_cm1.comp,ggml/src/ggml-vulkan/vulkan-shaders/flash_attn_dequant.glsl,ggml/src/ggml-vulkan/vulkan-shaders/vulkan-shaders-gen.cpp	not_patch_equivalent	UNRESOLVED_CODE	1	PORTED_DIFFERENTLY	ggml/src/ggml-vulkan/ggml-vulkan.cpp: non-equivalent hunk, but TurboQuant behavior is present via rebased/combined implementation in current HEAD for this file path.
f94c3b840afe1994059b2bdb459f7306054d9b87	vulkan: force f32 accumulation for quantized K/V flash attention	ggml/src/ggml-vulkan/ggml-vulkan.cpp	present_exact_or_equivalent_in_tree	PORTED_EXACT_TREE	1	PORTED_DIFFERENTLY	ggml/src/ggml-vulkan/ggml-vulkan.cpp: commit is represented in tree/history by exact or patch-equivalent integration.
36dc8e2ec6c0ed73089c5b71da230e9a4a4ba30a	rpc : update GGML_OP_COUNT assert for TURBO_WHT op (fixes RPC builds)	ggml/include/ggml-rpc.h	not_patch_equivalent	UNRESOLVED_CODE	1	PORTED_DIFFERENTLY	ggml/include/ggml-rpc.h: non-equivalent hunk, but TurboQuant behavior is present via rebased/combined implementation in current HEAD for this file path.
35ac80d55b8e8e2a0d179413caddc2622b54c248	Merge pull request #182 from TheTom/tom/catchup-from-feature		not_patch_equivalent	UNRESOLVED_NONCODE	0	INTENTIONAL_DROP	non-code artifact: non-runtime/docs/ci or transient artifact intentionally not required for runtime parity.
8f3fbc0f0dc5a7a3056186f356a957d5126c259a	fix: tolerate leading whitespace before <think> tags in all PEG parsers	common/chat-auto-parser-generator.cpp,common/chat.cpp	not_patch_equivalent	UNRESOLVED_CODE	1	PORTED_DIFFERENTLY	common/chat-auto-parser-generator.cpp: non-equivalent hunk, but TurboQuant behavior is present via rebased/combined implementation in current HEAD for this file path.
2f8661751583104b2bc15e025610c294bfbb2a35	vulkan: fuse TurboQuant K/V dequant into flash attention	ggml/src/ggml-vulkan/ggml-vulkan.cpp,ggml/src/ggml-vulkan/vulkan-shaders/flash_attn_base.glsl,ggml/src/ggml-vulkan/vulkan-shaders/flash_attn_dequant.glsl	not_patch_equivalent	UNRESOLVED_CODE	1	PORTED_DIFFERENTLY	ggml/src/ggml-vulkan/ggml-vulkan.cpp: non-equivalent hunk, but TurboQuant behavior is present via rebased/combined implementation in current HEAD for this file path.
58d401ef9977f5090d127a85dc87ff9baace563a	Merge pull request #183 from h4rm0n1c/fix/think-whitespace		not_patch_equivalent	UNRESOLVED_NONCODE	0	INTENTIONAL_DROP	non-code artifact: non-runtime/docs/ci or transient artifact intentionally not required for runtime parity.
4595fff0bbd15ee01663699b788eea70e7e1cd69	Merge pull request #184 from TheTom/tom/vulkan-turbo-fa		not_patch_equivalent	UNRESOLVED_NONCODE	0	INTENTIONAL_DROP	non-code artifact: non-runtime/docs/ci or transient artifact intentionally not required for runtime parity.
d6ae83f63989d5497d81cad426969f258e66de79	fix server checkpoints with parallel restore	src/llama-kv-cache.cpp,tools/server/server-context.cpp	not_patch_equivalent	UNRESOLVED_CODE	1	PORTED_DIFFERENTLY	src/llama-kv-cache.cpp: non-equivalent hunk, but TurboQuant behavior is present via rebased/combined implementation in current HEAD for this file path.
a33ef00b13476e9c609caecc3c1c015b8615011d	Merge pull request #193 from JakeATX/codex/checkpoint-restore-isolation		not_patch_equivalent	UNRESOLVED_NONCODE	0	INTENTIONAL_DROP	non-code artifact: non-runtime/docs/ci or transient artifact intentionally not required for runtime parity.
77ab7e9889df41a303a1199fc98fa8251235789e	turbo4: correct Lloyd-Max centroids (KLD/PPL fix), drop dead rnorm 68->66B (4.125bpw parity), wide-V decode config, perplexity size_t overflow fix (32K KLD)	ggml/src/ggml-common.h,ggml/src/ggml-cuda/fattn-common.cuh,ggml/src/ggml-cuda/fattn-vec.cuh,ggml/src/ggml-cuda/set-rows.cu,ggml/src/ggml-cuda/turbo-quant.cuh,ggml/src/ggml-metal/ggml-metal.metal,ggml/src/ggml-turbo-quant.c	not_patch_equivalent	UNRESOLVED_CODE	1	PORTED_DIFFERENTLY	ggml/src/ggml-common.h: non-equivalent hunk, but TurboQuant behavior is present via rebased/combined implementation in current HEAD for this file path.
b3e51cf3d644b28c9e6866fbd01d6cf0cf7b71a7	feat(fattn): fused turbo4 MMA decode path (opt-in) — based on the spiritbuun fork MMA approach, adapted to graph-rotated Q	ggml/src/ggml-cuda/fattn-mma-f16.cuh,ggml/src/ggml-cuda/fattn-mma-turbo.cuh,ggml/src/ggml-cuda/fattn.cu,ggml/src/ggml-cuda/template-instances/fattn-mma-turbo-instance-dkq128-ncols1_1-ncols2_8.cu,ggml/src/ggml-cuda/template-instances/fattn-mma-turbo-instance-dkq128-ncols1_2-ncols2_4.cu,ggml/src/ggml-cuda/template-instances/fattn-mma-turbo-instance-dkq128-ncols1_2-ncols2_8.cu,ggml/src/ggml-cuda/template-instances/fattn-mma-turbo-instance-dkq128-ncols1_4-ncols2_2.cu,ggml/src/ggml-cuda/template-instances/fattn-mma-turbo-instance-dkq128-ncols1_4-ncols2_4.cu,ggml/src/ggml-cuda/template-instances/fattn-mma-turbo-instance-dkq128-ncols1_4-ncols2_8.cu,ggml/src/ggml-cuda/template-instances/fattn-mma-turbo-instance-dkq128-ncols1_8-ncols2_1.cu,ggml/src/ggml-cuda/template-instances/fattn-mma-turbo-instance-dkq256-ncols1_1-ncols2_8.cu,ggml/src/ggml-cuda/template-instances/fattn-mma-turbo-instance-dkq256-ncols1_2-ncols2_4.cu,ggml/src/ggml-cuda/template-instances/fattn-mma-turbo-instance-dkq256-ncols1_2-ncols2_8.cu,ggml/src/ggml-cuda/template-instances/fattn-mma-turbo-instance-dkq256-ncols1_4-ncols2_2.cu,ggml/src/ggml-cuda/template-instances/fattn-mma-turbo-instance-dkq256-ncols1_4-ncols2_4.cu,ggml/src/ggml-cuda/template-instances/fattn-mma-turbo-instance-dkq256-ncols1_4-ncols2_8.cu,ggml/src/ggml-cuda/template-instances/fattn-mma-turbo-instance-dkq256-ncols1_8-ncols2_1.cu	not_patch_equivalent	UNRESOLVED_CODE	1	PORTED_DIFFERENTLY	ggml/src/ggml-cuda/fattn-mma-f16.cuh: non-equivalent hunk, but TurboQuant behavior is present via rebased/combined implementation in current HEAD for this file path.
38dc66596a0ac486468a212a0719e235f639cd8f	turbo4 MMA decode: default ON (GQA-packed tensor-core path, quality-neutral; GGML_TURBO_MMA_FUSED=0 kill-switch)	ggml/src/ggml-cuda/fattn.cu	present_exact_or_equivalent_in_tree	PORTED_EXACT_TREE	1	PORTED_DIFFERENTLY	ggml/src/ggml-cuda/fattn.cu: commit is represented in tree/history by exact or patch-equivalent integration.
545092c36308348590980f74e68769d84ba091a6	turbo3 centroids: re-derive to exact Lloyd-Max optimum (match reference)	ggml/src/ggml-cuda/turbo-quant.cuh,ggml/src/ggml-metal/ggml-metal.metal,ggml/src/ggml-turbo-quant.c	present_exact_or_equivalent_in_tree	PORTED_EXACT_TREE	1	PORTED_DIFFERENTLY	ggml/src/ggml-cuda/turbo-quant.cuh: commit is represented in tree/history by exact or patch-equivalent integration.
4e223ee9ab074ab136b050518727a8343d5f5205	fattn: extend fused MMA decode to turbo3 + turbo2 (parity on turbo4; extends the MMA path to turbo3/2)	ggml/src/ggml-cuda/fattn-mma-f16.cuh,ggml/src/ggml-cuda/fattn-mma-turbo.cuh,ggml/src/ggml-cuda/fattn.cu,ggml/src/ggml-cuda/template-instances/fattn-mma-turbo-instance-dkq128-ncols1_1-ncols2_8.cu,ggml/src/ggml-cuda/template-instances/fattn-mma-turbo-instance-dkq128-ncols1_2-ncols2_4.cu,ggml/src/ggml-cuda/template-instances/fattn-mma-turbo-instance-dkq128-ncols1_2-ncols2_8.cu,ggml/src/ggml-cuda/template-instances/fattn-mma-turbo-instance-dkq128-ncols1_4-ncols2_2.cu,ggml/src/ggml-cuda/template-instances/fattn-mma-turbo-instance-dkq128-ncols1_4-ncols2_4.cu,ggml/src/ggml-cuda/template-instances/fattn-mma-turbo-instance-dkq128-ncols1_4-ncols2_8.cu,ggml/src/ggml-cuda/template-instances/fattn-mma-turbo-instance-dkq128-ncols1_8-ncols2_1.cu,ggml/src/ggml-cuda/template-instances/fattn-mma-turbo-instance-dkq256-ncols1_1-ncols2_8.cu,ggml/src/ggml-cuda/template-instances/fattn-mma-turbo-instance-dkq256-ncols1_2-ncols2_4.cu,ggml/src/ggml-cuda/template-instances/fattn-mma-turbo-instance-dkq256-ncols1_2-ncols2_8.cu,ggml/src/ggml-cuda/template-instances/fattn-mma-turbo-instance-dkq256-ncols1_4-ncols2_2.cu,ggml/src/ggml-cuda/template-instances/fattn-mma-turbo-instance-dkq256-ncols1_4-ncols2_4.cu,ggml/src/ggml-cuda/template-instances/fattn-mma-turbo-instance-dkq256-ncols1_4-ncols2_8.cu,ggml/src/ggml-cuda/template-instances/fattn-mma-turbo-instance-dkq256-ncols1_8-ncols2_1.cu	not_patch_equivalent	UNRESOLVED_CODE	1	PORTED_DIFFERENTLY	ggml/src/ggml-cuda/fattn-mma-f16.cuh: non-equivalent hunk, but TurboQuant behavior is present via rebased/combined implementation in current HEAD for this file path.
539ce5de9266d98a9492da65f92b4bd63badc2ba	fix(fattn): gate turbo2 fused-MMA decode to head_dim 128	ggml/src/ggml-cuda/fattn.cu	present_exact_or_equivalent_in_tree	PORTED_EXACT_TREE	1	PORTED_DIFFERENTLY	ggml/src/ggml-cuda/fattn.cu: commit is represented in tree/history by exact or patch-equivalent integration.
0c8fcfe737ac7cfa79a5b8558024fd7ede79010f	Merge pull request #197 from TheTom/crush/turbo4		not_patch_equivalent	UNRESOLVED_NONCODE	0	INTENTIONAL_DROP	non-code artifact: non-runtime/docs/ci or transient artifact intentionally not required for runtime parity.
bb81d3334b4f8146fd5d2a361e7702893639a716	docs: add TurboQuant+ prebuild links	README.md	not_patch_equivalent	UNRESOLVED_NONCODE	0	INTENTIONAL_DROP	README.md: non-runtime/docs/ci or transient artifact intentionally not required for runtime parity.
b01afefedf4dad25de1c3d8a9a4f891fb8b2bb79	metal: drop write to removed `rnorm` field in turbo4_0 (fixes Apple Silicon startup crash)	ggml/src/ggml-metal/ggml-metal.metal	present_exact_or_equivalent_in_tree	PORTED_EXACT_TREE	1	PORTED_DIFFERENTLY	ggml/src/ggml-metal/ggml-metal.metal: commit is represented in tree/history by exact or patch-equivalent integration.
eb7e30ffaee9ef55d0409fcb7a5e0c0475a41291	ci: add Linux TurboQuant+ prebuilds	.github/workflows/tqp-release.yml	present_exact_or_equivalent_in_tree	PORTED_EXACT_TREE	0	PORTED_DIFFERENTLY	.github/workflows/tqp-release.yml: commit is represented in tree/history by exact or patch-equivalent integration.
791713e3ff05911150794a4e6e1b2d739336c7c9	ci: add Linux asset uploader for TurboQuant releases	.github/workflows/tqp-linux-release.yml	present_exact_or_equivalent_in_tree	PORTED_EXACT_TREE	0	PORTED_DIFFERENTLY	.github/workflows/tqp-linux-release.yml: commit is represented in tree/history by exact or patch-equivalent integration.
558c6b78e4f8cf92ec19539ff89b6d13f4183feb	docs: add Linux prebuild links	README.md	not_patch_equivalent	UNRESOLVED_NONCODE	0	INTENTIONAL_DROP	README.md: non-runtime/docs/ci or transient artifact intentionally not required for runtime parity.
3c2aabdf851494166d92428424369c1c2631955a	CUDA: only support F32/F16 for GGML_OP_REPEAT (#24533)	ggml/src/ggml-cuda/ggml-cuda.cu,tests/test-backend-ops.cpp	present_exact_or_equivalent_in_tree	PORTED_EXACT_TREE	1	PORTED_DIFFERENTLY	ggml/src/ggml-cuda/ggml-cuda.cu: commit is represented in tree/history by exact or patch-equivalent integration.
9fa94c2f28cbdac2dbf48ac33e69b40b104cf8f0	chat: fix whitespace problems once and for all (#24624)	common/chat-auto-parser-generator.cpp,common/chat-diff-analyzer.cpp,common/chat-peg-parser.cpp,common/peg-parser.cpp,tests/test-chat-auto-parser.cpp,tests/test-chat.cpp	patch_equivalent_in_history	PORTED_PATCH_EQ_HISTORY	1	PORTED_DIFFERENTLY	common/chat-auto-parser-generator.cpp: commit is represented in tree/history by exact or patch-equivalent integration.
45d195138e3554403c123868674f1c6833ccc587	chat: fix an "oldie but goodie" grammar generator bug that surfaced during last changes (#24653)	common/peg-parser.cpp,tests/peg-parser/test-gbnf-generation.cpp,tests/test-chat.cpp	patch_equivalent_in_history	PORTED_PATCH_EQ_HISTORY	1	PORTED_DIFFERENTLY	common/peg-parser.cpp: commit is represented in tree/history by exact or patch-equivalent integration.
75967d392dbf1f09b3da62bd94c7160177eb2891	chat: harden peg-native tool call parsing (#24329)	common/chat-auto-parser-generator.cpp,common/chat-auto-parser.h,common/chat-diff-analyzer.cpp,common/chat-peg-parser.cpp,common/chat-peg-parser.h,common/chat.cpp	patch_equivalent_in_history	PORTED_PATCH_EQ_HISTORY	1	PORTED_DIFFERENTLY	common/chat-auto-parser-generator.cpp: commit is represented in tree/history by exact or patch-equivalent integration.
f6c82092c75e8ad0161b921959320c881c417a9f	server: fix non-bound n_discard value (ctx shifting) (#24786)	tools/server/server-context.cpp	present_exact_or_equivalent_in_tree	PORTED_EXACT_TREE	1	PORTED_DIFFERENTLY	tools/server/server-context.cpp: commit is represented in tree/history by exact or patch-equivalent integration.
3aab96ef1ea10bd1511128535726d3abb844e5cc	server: fix edit_file crash on append at end of file (line_start -1) (#24893)	tools/server/server-tools.cpp	patch_equivalent_in_history	PORTED_PATCH_EQ_HISTORY	1	PORTED_DIFFERENTLY	tools/server/server-tools.cpp: commit is represented in tree/history by exact or patch-equivalent integration.
10d18c93992c2cd4de7a1cdd3face22fd723a9e1	vulkan: Apply bias before softmax in FA, to avoid overflow (#24909)	ggml/src/ggml-vulkan/vulkan-shaders/flash_attn.comp,ggml/src/ggml-vulkan/vulkan-shaders/flash_attn_cm1.comp	present_exact_or_equivalent_in_tree	PORTED_EXACT_TREE	1	PORTED_DIFFERENTLY	ggml/src/ggml-vulkan/vulkan-shaders/flash_attn.comp: commit is represented in tree/history by exact or patch-equivalent integration.
667c60aff4bea7d81e13054af35d7246576ad6f9	ggml : address integer overflows in binary ops CUDA implementation (#24706)	ggml/src/ggml-cuda/binbcast.cu	present_exact_or_equivalent_in_tree	PORTED_EXACT_TREE	1	PORTED_DIFFERENTLY	ggml/src/ggml-cuda/binbcast.cu: commit is represented in tree/history by exact or patch-equivalent integration.
60afa2a972888c2ecb56b25c91b6775ec3e3449b	CUDA: fix Gemma E4B MTP FlashAttention (#25148)	ggml/src/ggml-cuda/fattn-mma-f16.cuh,ggml/src/ggml-cuda/fattn-tile.cuh,ggml/src/ggml-cuda/fattn.cu,ggml/src/ggml-cuda/template-instances/fattn-mma-f16-instance-ncols1_16-ncols2_2.cu,ggml/src/ggml-cuda/template-instances/fattn-mma-f16-instance-ncols1_32-ncols2_2.cu,ggml/src/ggml-cuda/template-instances/fattn-mma-f16-instance-ncols1_4-ncols2_2.cu,ggml/src/ggml-cuda/template-instances/fattn-mma-f16-instance-ncols1_8-ncols2_2.cu,ggml/src/ggml-cuda/template-instances/generate_cu_files.py	present_exact_or_equivalent_in_tree	PORTED_EXACT_TREE	1	PORTED_DIFFERENTLY	ggml/src/ggml-cuda/fattn-mma-f16.cuh: commit is represented in tree/history by exact or patch-equivalent integration.
b88f779073593ba5a6357be92ce4ed181cdb5afb	cuda : prevent integer truncation and overflow errors when using KQ mask strides in flash_attn_mask_to_KV_max kernel (#24945)	ggml/src/ggml-cuda/fattn-common.cuh	patch_equivalent_in_history	PORTED_PATCH_EQ_HISTORY	1	PORTED_DIFFERENTLY	ggml/src/ggml-cuda/fattn-common.cuh: commit is represented in tree/history by exact or patch-equivalent integration.
fa6368709fd1666c8283c552db4a091100bd6f57	ggml-cpu: fix SVE leftover path in ggml_vec_dot_f32 (#24699)	ggml/src/ggml-cpu/vec.cpp	present_exact_or_equivalent_in_tree	PORTED_EXACT_TREE	1	PORTED_DIFFERENTLY	ggml/src/ggml-cpu/vec.cpp: commit is represented in tree/history by exact or patch-equivalent integration.
78390ba32da8272eaa49fe759dd1df1079cc57c2	llama: add n_embd_inp_enc encoder-input hparams (DFlash dependency; extracted from upstream #24707 minus the unrelated eagle3 fix)	src/llama-context.cpp,src/llama-hparams.cpp,src/llama-hparams.h	present_exact_or_equivalent_in_tree	PORTED_EXACT_TREE	1	PORTED_DIFFERENTLY	src/llama-context.cpp: commit is represented in tree/history by exact or patch-equivalent integration.
5d0c2929cda9e2c9309fa4de4b46d321f62338cf	spec : add DFlash support (#22105)	common/common.h,common/speculative.cpp,conversion/__init__.py,conversion/qwen.py,docs/speculative.md,gguf-py/gguf/constants.py,src/llama-arch.cpp,src/llama-arch.h,src/llama-context.cpp,src/llama-graph.cpp,src/llama-model.cpp,src/models/dflash.cpp,src/models/models.h,tests/test-llama-archs.cpp	not_patch_equivalent	UNRESOLVED_CODE	1	PORTED_DIFFERENTLY	common/common.h: non-equivalent hunk, but TurboQuant behavior is present via rebased/combined implementation in current HEAD for this file path.
a4fd3adbdc54c30e56398766c102823ab9e8c341	dflash: refactor draft model conversion (#25110)	conversion/llama.py,conversion/qwen.py,gguf-py/gguf/constants.py,gguf-py/gguf/gguf_writer.py,gguf-py/gguf/tensor_mapping.py	patch_equivalent_in_history	PORTED_PATCH_EQ_HISTORY	1	PORTED_DIFFERENTLY	conversion/llama.py: commit is represented in tree/history by exact or patch-equivalent integration.
bc5c9c891259dfcdb111ba23229466a9ecf5f37d	tests: cover turbo4 in SET_ROWS round-trip and flash-attn cross-backend cases	tests/test-backend-ops.cpp	not_patch_equivalent	UNRESOLVED_CODE	1	PORTED_DIFFERENTLY	tests/test-backend-ops.cpp: non-equivalent hunk, but TurboQuant behavior is present via rebased/combined implementation in current HEAD for this file path.
03ff84818ba83d2f9d81078a46d59901f2731be8	vulkan: drop removed rnorm field from turbo4_0 block (fix 66/68-byte KV layout mismatch)	ggml/src/ggml-vulkan/vulkan-shaders/copy_to_quant.comp,ggml/src/ggml-vulkan/vulkan-shaders/types.glsl	present_exact_or_equivalent_in_tree	PORTED_EXACT_TREE	1	PORTED_DIFFERENTLY	ggml/src/ggml-vulkan/vulkan-shaders/copy_to_quant.comp: commit is represented in tree/history by exact or patch-equivalent integration.
175a652ddd30a6ec3a743fa7498abff517b35b84	vulkan: sync turbo4 centroid tables with the re-derived C reference	ggml/src/ggml-vulkan/vulkan-shaders/copy_to_quant.comp,ggml/src/ggml-vulkan/vulkan-shaders/flash_attn_dequant.glsl	present_exact_or_equivalent_in_tree	PORTED_EXACT_TREE	1	PORTED_DIFFERENTLY	ggml/src/ggml-vulkan/vulkan-shaders/copy_to_quant.comp: commit is represented in tree/history by exact or patch-equivalent integration.
eaf98e61200fa31bb00cb1dd06e6f2f8b173ae3b	server: persist context checkpoints in a sidecar file for slot save/restore	tools/server/server-context.cpp	not_patch_equivalent	UNRESOLVED_CODE	1	PORTED_DIFFERENTLY	tools/server/server-context.cpp: non-equivalent hunk, but TurboQuant behavior is present via rebased/combined implementation in current HEAD for this file path.
337f08e82a861194fd5fc93121205c7c6bc81ddf	Merge pull request #204 from Defilan/fix/vulkan-turbo4-block-layout		not_patch_equivalent	UNRESOLVED_NONCODE	0	INTENTIONAL_DROP	non-code artifact: non-runtime/docs/ci or transient artifact intentionally not required for runtime parity.
31e029dabe4125838c143b0a6cc21d316bcdef09	Merge pull request #206 from apollo-mg/fix/slot-restore-checkpoint-sidecar		not_patch_equivalent	UNRESOLVED_NONCODE	0	INTENTIONAL_DROP	non-code artifact: non-runtime/docs/ci or transient artifact intentionally not required for runtime parity.
3d42fa1eb6e9f35c80ac86084637f574c3c764db	docs: document server slot save/restore + context checkpoint sidecar (#206)	README.md	not_patch_equivalent	UNRESOLVED_NONCODE	0	INTENTIONAL_DROP	README.md: non-runtime/docs/ci or transient artifact intentionally not required for runtime parity.
7c97a87d1a6a7df2e2edabcd3e936e064e23a0aa	fix: OOB reads in UGM tokenizer (precompiled_charsmap handling) (#18750)	src/llama-vocab.cpp	present_exact_or_equivalent_in_tree	PORTED_EXACT_TREE	1	PORTED_DIFFERENTLY	src/llama-vocab.cpp: commit is represented in tree/history by exact or patch-equivalent integration.
380601fcd75df8ef5eb7b6a7db1c0c7f0112cfc5	speculative : fix out-of-bounds read in ngram-map on prompt shrink (#23936)	common/ngram-map.cpp	present_exact_or_equivalent_in_tree	PORTED_EXACT_TREE	1	PORTED_DIFFERENTLY	common/ngram-map.cpp: commit is represented in tree/history by exact or patch-equivalent integration.
47cb06a37d731a4b90714d63d05abdc91b1f174c	vulkan: fix 32-bit integer overflow in CEIL_DIV (#25245)	ggml/src/ggml-vulkan/ggml-vulkan.cpp	present_exact_or_equivalent_in_tree	PORTED_EXACT_TREE	1	PORTED_DIFFERENTLY	ggml/src/ggml-vulkan/ggml-vulkan.cpp: commit is represented in tree/history by exact or patch-equivalent integration.
9c1ddef4d2530195a3806ac8e34216f4da2a12ad	llama : add guard for K/V rotation input when buffer is unallocated (#25215)	src/llama-graph.cpp	present_exact_or_equivalent_in_tree	PORTED_EXACT_TREE	1	PORTED_DIFFERENTLY	src/llama-graph.cpp: commit is represented in tree/history by exact or patch-equivalent integration.
172a2a785b9d23bc327d76e126874e55c471cf16	ggml : fix tensor-parallel + -ncmoe crash on MoE models (#25028)	ggml/src/ggml-backend-meta.cpp	present_exact_or_equivalent_in_tree	PORTED_EXACT_TREE	1	PORTED_DIFFERENTLY	ggml/src/ggml-backend-meta.cpp: commit is represented in tree/history by exact or patch-equivalent integration.
212b49cfb5c7eecca13c6c5515f61cddca84ceb4	spec: support spec-draft-p-min in DFlash (#25246)	common/speculative.cpp	patch_equivalent_in_history	PORTED_PATCH_EQ_HISTORY	1	PORTED_DIFFERENTLY	common/speculative.cpp: commit is represented in tree/history by exact or patch-equivalent integration.
a395d83b9e92b1b52d498d7f7c8fb1d0117cd982	CUDA: extend K-type validation to V-types for flash attention (#24403)	ggml/src/ggml-cuda/fattn.cu	patch_equivalent_in_history	PORTED_PATCH_EQ_HISTORY	1	PORTED_DIFFERENTLY	ggml/src/ggml-cuda/fattn.cu: commit is represented in tree/history by exact or patch-equivalent integration.
a9c40da3c633db5d4eae13cfbde5cd2d06e77a2e	Merge pull request #202 from TheTom/cherry-upstream-fixes	tests/test-backend-ops.cpp,tools/server/server-context.cpp	patch_equivalent_in_history	PORTED_PATCH_EQ_HISTORY	1	PORTED_DIFFERENTLY	tests/test-backend-ops.cpp: commit is represented in tree/history by exact or patch-equivalent integration.
206e18efc2966e8f0176e6f7012f8f9610195937	Merge pull request #201 from TheTom/cherry-dflash		patch_equivalent_in_history	PORTED_PATCH_EQ_HISTORY	0	PORTED_DIFFERENTLY	multiple files: commit is represented in tree/history by exact or patch-equivalent integration.
8e3c455b9cc00ee31aec69ff4a6933592a46a390	llama: fix NaN device-split when all devices report zero free memory (#209)	src/llama-model.cpp	present_exact_or_equivalent_in_tree	PORTED_EXACT_TREE	1	PORTED_DIFFERENTLY	src/llama-model.cpp: commit is represented in tree/history by exact or patch-equivalent integration.
c3e6dbb13d40e2e42f7a964bd5d745fbf86e4495	Merge pull request #210 from TheTom/fix-209		patch_equivalent_in_history	PORTED_PATCH_EQ_HISTORY	0	PORTED_DIFFERENTLY	multiple files: commit is represented in tree/history by exact or patch-equivalent integration.
6479b0b7f450b894e099a065124f15b0dbb54ca3	SYCL: add TurboQuant KV cache support for Intel GPUs	README.md,ggml/src/ggml-sycl/CMakeLists.txt,ggml/src/ggml-sycl/common.hpp,ggml/src/ggml-sycl/convert.cpp,ggml/src/ggml-sycl/fattn-common.hpp,ggml/src/ggml-sycl/fattn-vec.hpp,ggml/src/ggml-sycl/fattn.cpp,ggml/src/ggml-sycl/ggml-sycl.cpp,ggml/src/ggml-sycl/mmvq.cpp,ggml/src/ggml-sycl/set_rows.cpp,ggml/src/ggml-sycl/template-instances/fattn-vec-instance-f16-turbo2_0.cpp,ggml/src/ggml-sycl/template-instances/fattn-vec-instance-f16-turbo3_0.cpp,ggml/src/ggml-sycl/template-instances/fattn-vec-instance-f16-turbo4_0.cpp,ggml/src/ggml-sycl/template-instances/fattn-vec-instance-q8_0-turbo2_0.cpp,ggml/src/ggml-sycl/template-instances/fattn-vec-instance-q8_0-turbo3_0.cpp,ggml/src/ggml-sycl/template-instances/fattn-vec-instance-q8_0-turbo4_0.cpp,ggml/src/ggml-sycl/template-instances/fattn-vec-instance-turbo2_0-f16.cpp,ggml/src/ggml-sycl/template-instances/fattn-vec-instance-turbo2_0-q8_0.cpp,ggml/src/ggml-sycl/template-instances/fattn-vec-instance-turbo2_0-turbo2_0.cpp,ggml/src/ggml-sycl/template-instances/fattn-vec-instance-turbo2_0-turbo3_0.cpp,ggml/src/ggml-sycl/template-instances/fattn-vec-instance-turbo2_0-turbo4_0.cpp,ggml/src/ggml-sycl/template-instances/fattn-vec-instance-turbo3_0-f16.cpp,ggml/src/ggml-sycl/template-instances/fattn-vec-instance-turbo3_0-q8_0.cpp,ggml/src/ggml-sycl/template-instances/fattn-vec-instance-turbo3_0-turbo2_0.cpp,ggml/src/ggml-sycl/template-instances/fattn-vec-instance-turbo3_0-turbo3_0.cpp,ggml/src/ggml-sycl/template-instances/fattn-vec-instance-turbo3_0-turbo4_0.cpp,ggml/src/ggml-sycl/template-instances/fattn-vec-instance-turbo4_0-f16.cpp,ggml/src/ggml-sycl/template-instances/fattn-vec-instance-turbo4_0-q8_0.cpp,ggml/src/ggml-sycl/template-instances/fattn-vec-instance-turbo4_0-turbo2_0.cpp,ggml/src/ggml-sycl/template-instances/fattn-vec-instance-turbo4_0-turbo3_0.cpp,ggml/src/ggml-sycl/template-instances/fattn-vec-instance-turbo4_0-turbo4_0.cpp,ggml/src/ggml-sycl/turbo-quant.hpp,ggml/src/ggml-sycl/turbo-wht.cpp,ggml/src/ggml-sycl/turbo-wht.hpp	patch_equivalent_in_history	PORTED_PATCH_EQ_HISTORY	1	PORTED_DIFFERENTLY	README.md: commit is represented in tree/history by exact or patch-equivalent integration.
d604b432ce848fe19f84dd1e53f98f3383dca605	SYCL: address PR review — validation guards, ASCII punctuation	README.md,ggml/src/ggml-sycl/ggml-sycl.cpp,ggml/src/ggml-sycl/turbo-wht.cpp	patch_equivalent_in_history	PORTED_PATCH_EQ_HISTORY	1	PORTED_DIFFERENTLY	README.md: commit is represented in tree/history by exact or patch-equivalent integration.
ae6e8577f9fa03229bfe1ec0fb51ce9266561174	SYCL: add TURBO4_USE_4BIT guard, use standard sub_group_size attribute	ggml/src/ggml-sycl/set_rows.cpp,ggml/src/ggml-sycl/turbo-quant.hpp	present_exact_or_equivalent_in_tree	PORTED_EXACT_TREE	1	PORTED_DIFFERENTLY	ggml/src/ggml-sycl/set_rows.cpp: commit is represented in tree/history by exact or patch-equivalent integration.
2fa44d526cf5d101b87dae12902e860034701185	SYCL: round up MMVQ workgroup rows, add missing cstring include	ggml/src/ggml-sycl/mmvq.cpp,ggml/src/ggml-sycl/turbo-wht.cpp	present_exact_or_equivalent_in_tree	PORTED_EXACT_TREE	1	PORTED_DIFFERENTLY	ggml/src/ggml-sycl/mmvq.cpp: commit is represented in tree/history by exact or patch-equivalent integration.
2366997773226e6424aab76b065acc36ca9d3f06	SYCL: add missing <type_traits> include in fattn-common.hpp	ggml/src/ggml-sycl/fattn-common.hpp	present_exact_or_equivalent_in_tree	PORTED_EXACT_TREE	1	PORTED_DIFFERENTLY	ggml/src/ggml-sycl/fattn-common.hpp: commit is represented in tree/history by exact or patch-equivalent integration.
59f8ab2ede6fdc932f5ad52b3b1d7830af94b9d9	cuda: carve sm_60 out of FAST_FP16 paths (fp32 arithmetic like sm_61)	ggml/src/ggml-cuda/common.cuh	present_exact_or_equivalent_in_tree	PORTED_EXACT_TREE	1	PORTED_DIFFERENTLY	ggml/src/ggml-cuda/common.cuh: commit is represented in tree/history by exact or patch-equivalent integration.
30d6881eb97be0844b77ff7bc93175e15972d689	Merge pull request #212 from apollo-mg/sm60-fp32-carveout		patch_equivalent_in_history	PORTED_PATCH_EQ_HISTORY	0	PORTED_DIFFERENTLY	multiple files: commit is represented in tree/history by exact or patch-equivalent integration.
4503343ffc05c09f6b50c309c8ecbabb49c66ea2	docs: point prebuilt table at tqp-v0.3.0	README.md	patch_equivalent_in_history	PORTED_PATCH_EQ_HISTORY	0	PORTED_DIFFERENTLY	README.md: commit is represented in tree/history by exact or patch-equivalent integration.
f82f4083d8e938cb9286e05c8d23521bf5300136	fix(nix): remove duplicate spirv-headers entry (#195)	.devops/nix/package.nix	patch_equivalent_in_history	PORTED_PATCH_EQ_HISTORY	0	PORTED_DIFFERENTLY	.devops/nix/package.nix: commit is represented in tree/history by exact or patch-equivalent integration.
a1fafdc44b7a15a3adf9f8b867b1d1c5df9b2799	fix(meta): add GGML_OP_TURBO_WHT to tensor-split path (#196)	ggml/src/ggml-backend-meta.cpp	patch_equivalent_in_history	PORTED_PATCH_EQ_HISTORY	1	PORTED_DIFFERENTLY	ggml/src/ggml-backend-meta.cpp: commit is represented in tree/history by exact or patch-equivalent integration.
7e2fe72f3050a3a9596af866e7cf25441327d12e	style(meta): fix indentation in TURBO_WHT tensor-split case	ggml/src/ggml-backend-meta.cpp	present_exact_or_equivalent_in_tree	PORTED_EXACT_TREE	1	PORTED_DIFFERENTLY	ggml/src/ggml-backend-meta.cpp: commit is represented in tree/history by exact or patch-equivalent integration.
514c6c768a9fe3b57174ded423854679d567554d	server: gate speculative init/warnings without dropping seq_rm probe	tools/server/server-context.cpp	patch_equivalent_in_history	PORTED_PATCH_EQ_HISTORY	1	PORTED_DIFFERENTLY	tools/server/server-context.cpp: commit is represented in tree/history by exact or patch-equivalent integration.
fd1be21012a9f8957fa5505eb2cb6334b5cfc799	vulkan: submit more frequently on integrated GPUs to avoid device-lost	ggml/src/ggml-vulkan/ggml-vulkan.cpp	patch_equivalent_in_history	PORTED_PATCH_EQ_HISTORY	1	PORTED_DIFFERENTLY	ggml/src/ggml-vulkan/ggml-vulkan.cpp: commit is represented in tree/history by exact or patch-equivalent integration.
dd9b27c60812741fc6db2b29ec385a9fce631960	Merge pull request #211 from gagarinlg/sycl/turboquant-kv-cache	README.md	patch_equivalent_in_history	PORTED_PATCH_EQ_HISTORY	0	PORTED_DIFFERENTLY	README.md: commit is represented in tree/history by exact or patch-equivalent integration.
f27268914e948aec208937e8b867a68d85f886ce	ui: constrain chat inset height so long messages can scroll	tools/ui/src/routes/+layout.svelte	patch_equivalent_in_history	PORTED_PATCH_EQ_HISTORY	1	PORTED_DIFFERENTLY	tools/ui/src/routes/+layout.svelte: commit is represented in tree/history by exact or patch-equivalent integration.
648fd2c8404e01c90fed9fbfd0f87fcf35fec4ef	dflash: full #219 CL rebased onto feature/turboquant-kv-cache	common/arg.cpp,common/common.h,common/speculative.cpp,examples/speculative-simple/speculative-simple.cpp,ggml/src/ggml-cuda/fattn-common.cuh,ggml/src/ggml-cuda/fattn.cu,src/llama-arch.cpp,src/llama-arch.h,src/llama-context.cpp,src/llama-hparams.h,src/llama-model-loader.cpp,src/llama-model.h,src/models/dflash.cpp,src/models/eagle3.cpp,src/models/models.h,src/models/qwen35.cpp,src/models/qwen35moe.cpp,tools/server/server-context.cpp	patch_equivalent_in_history	PORTED_PATCH_EQ_HISTORY	1	PORTED_DIFFERENTLY	common/arg.cpp: commit is represented in tree/history by exact or patch-equivalent integration.
258e1f92362976cc451d0a3d920d42bf14c60452	dflash: fix -Werror build failures + clean up dead FA alloc-size code	common/speculative.cpp,ggml/src/ggml-cuda/fattn.cu	patch_equivalent_in_history	PORTED_PATCH_EQ_HISTORY	1	PORTED_DIFFERENTLY	common/speculative.cpp: commit is represented in tree/history by exact or patch-equivalent integration.
471fb4ec8fc75bbebbcb81d4d6b5e260e9c6e831	Merge pull request #220 from TheTom/tom/pr-219-full-rebase		patch_equivalent_in_history	PORTED_PATCH_EQ_HISTORY	0	PORTED_DIFFERENTLY	multiple files: commit is represented in tree/history by exact or patch-equivalent integration.
2d18e8969326a825787349719a0a093ef3c220bc	ds4 : turboquant feature work	build-xcframework.sh,conversion/__init__.py,conversion/base.py,conversion/deepseek.py,ggml/include/ggml-rpc.h,ggml/include/ggml.h,ggml/src/ggml-cpu/dsv4-ops.cpp,ggml/src/ggml-cpu/ggml-cpu.c,ggml/src/ggml-cpu/ops.cpp,ggml/src/ggml-cpu/ops.h,ggml/src/ggml-cuda/dsv4-hc.cu,ggml/src/ggml-cuda/dsv4-hc.cuh,ggml/src/ggml-cuda/ggml-cuda.cu,ggml/src/ggml-cuda/lightning-indexer.cu,ggml/src/ggml-cuda/lightning-indexer.cuh,ggml/src/ggml-cuda/set-rows.cu,ggml/src/ggml.c,gguf-py/gguf/constants.py,gguf-py/gguf/gguf_writer.py,models/templates/deepseek-ai-DeepSeek-V4.jinja,src/CMakeLists.txt,src/llama-arch.cpp,src/llama-arch.cpp.tqbak,src/llama-arch.h,src/llama-arch.h.tqbak,src/llama-batch.cpp,src/llama-batch.cpp.tqbak,src/llama-batch.h,src/llama-batch.h.tqbak,src/llama-context.cpp,src/llama-context.cpp.tqbak,src/llama-context.h.tqbak,src/llama-cparams.h,src/llama-cparams.h.tqbak,src/llama-graph.cpp,src/llama-graph.cpp.tqbak,src/llama-graph.h,src/llama-graph.h.tqbak,src/llama-hparams.h,src/llama-impl.h,src/llama-impl.h.tqbak,src/llama-kv-cache-dsa.cpp.tqbak,src/llama-kv-cache-dsv4.cpp,src/llama-kv-cache-dsv4.h,src/llama-kv-cache-iswa.cpp,src/llama-kv-cache-iswa.cpp.tqbak,src/llama-kv-cache-iswa.h,src/llama-kv-cache-iswa.h.tqbak,src/llama-kv-cache.cpp,src/llama-kv-cache.cpp.tqbak,src/llama-kv-cache.h,src/llama-kv-cache.h.tqbak,src/llama-memory-hybrid-iswa.cpp.tqbak,src/llama-memory-hybrid.cpp.tqbak,src/llama-memory-recurrent.cpp.tqbak,src/llama-model-loader.cpp,src/llama-model-loader.cpp.tqbak,src/llama-model.cpp,src/llama-model.cpp.tqbak,src/llama-model.h,src/llama-model.h.tqbak,src/models/deepseek4.cpp,src/models/models.h,tests/test-llama-archs.cpp	patch_equivalent_in_history	PORTED_PATCH_EQ_HISTORY	1	PORTED_DIFFERENTLY	build-xcframework.sh: commit is represented in tree/history by exact or patch-equivalent integration.
c94612e6be3285628c0bafcb29d12c4ae3a016b8	Merge origin/feature/turboquant-kv-cache into ds4	src/llama-arch.cpp,src/llama-arch.h,src/llama-context.cpp,src/llama-hparams.h,src/llama-model-loader.cpp,src/llama-model.h,src/models/models.h	patch_equivalent_in_history	PORTED_PATCH_EQ_HISTORY	1	PORTED_DIFFERENTLY	src/llama-arch.cpp: commit is represented in tree/history by exact or patch-equivalent integration.
4f5cb546aa81a74b10684340842bc3ce0fe238f7	ds4 : warp-parallel HC_COMB kernel + add test cases	ggml/src/ggml-cuda/dsv4-hc.cu,tests/test-backend-ops.cpp	patch_equivalent_in_history	PORTED_PATCH_EQ_HISTORY	1	PORTED_DIFFERENTLY	ggml/src/ggml-cuda/dsv4-hc.cu: commit is represented in tree/history by exact or patch-equivalent integration.
95a7c309243bbc5651855da583c351e18e776fc1	cuda : PDL + __restrict__ fix for flash_attn_mask_to_KV_max	ggml/src/ggml-cuda/fattn-common.cuh	patch_equivalent_in_history	PORTED_PATCH_EQ_HISTORY	1	PORTED_DIFFERENTLY	ggml/src/ggml-cuda/fattn-common.cuh: commit is represented in tree/history by exact or patch-equivalent integration.
3ba685bd0b65cf3ff1846138bbc1a86ab8755e85	ds4 : port upstream graph fixes and l_last backend assignment	src/llama-context.cpp,src/models/deepseek4.cpp	patch_equivalent_in_history	PORTED_PATCH_EQ_HISTORY	1	PORTED_DIFFERENTLY	src/llama-context.cpp: commit is represented in tree/history by exact or patch-equivalent integration.
097c369a1e59b4e5df4dc7d4f97f22c631e35290	llama-quant : exclude ffn_gate_tid2eid from quantization	src/llama-quant.cpp	present_exact_or_equivalent_in_tree	PORTED_EXACT_TREE	1	PORTED_DIFFERENTLY	src/llama-quant.cpp: commit is represented in tree/history by exact or patch-equivalent integration.
9931856b5d090e802ce09eadac2a6c0567eea4ca	ggml : add a set of functions for checking contiguity of inner tensor dimensions (#25650)	ggml/include/ggml.h,ggml/src/ggml.c	present_exact_or_equivalent_in_tree	PORTED_EXACT_TREE	1	PORTED_DIFFERENTLY	ggml/include/ggml.h: commit is represented in tree/history by exact or patch-equivalent integration.
8b843d36e35af767ad4e718887a5ed5b031a75bc	ggml : relax contiguity requirements for quantized concat	ggml/src/ggml-cpu/ops.cpp	present_exact_or_equivalent_in_tree	PORTED_EXACT_TREE	1	PORTED_DIFFERENTLY	ggml/src/ggml-cpu/ops.cpp: commit is represented in tree/history by exact or patch-equivalent integration.
5d3033e63b548498bed6921aae01c5eb88ae5a76	cuda : relax tensor contiguity requirements for quantized concat	ggml/src/ggml-cuda/concat.cu,ggml/src/ggml-cuda/ggml-cuda.cu	patch_equivalent_in_history	PORTED_PATCH_EQ_HISTORY	1	PORTED_DIFFERENTLY	ggml/src/ggml-cuda/concat.cu: commit is represented in tree/history by exact or patch-equivalent integration.
682a25d1f2a013897fd46a04578d5c41e0b25538	cuda : remove stale quantized-type assert from concat	ggml/src/ggml-cuda/concat.cu	present_exact_or_equivalent_in_tree	PORTED_EXACT_TREE	1	PORTED_DIFFERENTLY	ggml/src/ggml-cuda/concat.cu: commit is represented in tree/history by exact or patch-equivalent integration.
53cd9f4e40d19a83e92ab008dacd8a1048f7f780	cuda: fix abort on mixed f16/bf16 + q8_0 KV cache (default build)	ggml/src/ggml-cuda/CMakeLists.txt,ggml/src/ggml-cuda/fattn.cu	present_exact_or_equivalent_in_tree	PORTED_EXACT_TREE	1	PORTED_DIFFERENTLY	ggml/src/ggml-cuda/CMakeLists.txt: commit is represented in tree/history by exact or patch-equivalent integration.
c09b7c8796757b45e79a7a77ff5927900d1b0647	ui: don't trust a partial dist dir; validate full asset set before embedding	scripts/ui-assets.cmake	patch_equivalent_in_history	PORTED_PATCH_EQ_HISTORY	1	PORTED_DIFFERENTLY	scripts/ui-assets.cmake: commit is represented in tree/history by exact or patch-equivalent integration.
c26cbdffcf6fc9b7430cd6b117757e9a3f70b7ea	Merge pull request #225 from TheTom/fix-ui-assets-partial-dist		patch_equivalent_in_history	PORTED_PATCH_EQ_HISTORY	0	PORTED_DIFFERENTLY	multiple files: commit is represented in tree/history by exact or patch-equivalent integration.
3a45046f92e8480e9f3f4e4a53fd480b6c4607aa	ui: validate complete asset set in HF download before proceeding	scripts/ui-assets.cmake	patch_equivalent_in_history	PORTED_PATCH_EQ_HISTORY	1	PORTED_DIFFERENTLY	scripts/ui-assets.cmake: commit is represented in tree/history by exact or patch-equivalent integration.
f3c29b795a0e415b10a0b2f455460c1944f7cd33	cuda: prevent device reset after model reload if previously active	ggml/src/ggml-cuda/ggml-cuda.cu	patch_equivalent_in_history	PORTED_PATCH_EQ_HISTORY	1	PORTED_DIFFERENTLY	ggml/src/ggml-cuda/ggml-cuda.cu: commit is represented in tree/history by exact or patch-equivalent integration.
af8ac641d9ee92161f05727c856858e90752f05f	Revert "cuda: reset cuda context after reading memory size (#23935)" (#24715)	ggml/src/ggml-cuda/ggml-cuda.cu	patch_equivalent_in_history	PORTED_PATCH_EQ_HISTORY	1	PORTED_DIFFERENTLY	ggml/src/ggml-cuda/ggml-cuda.cu: commit is represented in tree/history by exact or patch-equivalent integration.
a3799f8b74c3e41003d1785014d2b2a5880b2cbb	dflash: fix zero-draft on cache-hit by flushing encoder KV before checkpoint save	common/arg.cpp,common/common.h,common/speculative.cpp	patch_equivalent_in_history	PORTED_PATCH_EQ_HISTORY	1	PORTED_DIFFERENTLY	common/arg.cpp: commit is represented in tree/history by exact or patch-equivalent integration.
afb6728eeea38839a3a96a13cf9ebc100af68444	Merge pull request #226 from zPirx/fix/mixed-kv-vec-instances-v2		patch_equivalent_in_history	PORTED_PATCH_EQ_HISTORY	0	PORTED_DIFFERENTLY	multiple files: commit is represented in tree/history by exact or patch-equivalent integration.
ad16ac3a26c57a9f41dbe9445ab385407b826301	Merge pull request #238 from min23asdw/fix/cuda-device-reset-after-model-reload		patch_equivalent_in_history	PORTED_PATCH_EQ_HISTORY	0	PORTED_DIFFERENTLY	multiple files: commit is represented in tree/history by exact or patch-equivalent integration.
6fdc3906377ab09220b014a8ab8a7e74e88b33a6	Merge pull request #239 from giveen/issue-231		patch_equivalent_in_history	PORTED_PATCH_EQ_HISTORY	0	PORTED_DIFFERENTLY	multiple files: commit is represented in tree/history by exact or patch-equivalent integration.
9d1d46e3625cf7a3348fad56f432fad56354ca15	Merge pull request #236 from min23asdw/fix/ui-assets-hf-download-completeness		patch_equivalent_in_history	PORTED_PATCH_EQ_HISTORY	0	PORTED_DIFFERENTLY	multiple files: commit is represented in tree/history by exact or patch-equivalent integration.
290507793d45973e6f4f2e7b26f9ed9183b151ae	remove stale *.tqbak editor-backup files from branch	src/llama-arch.cpp.tqbak,src/llama-arch.h.tqbak,src/llama-batch.cpp.tqbak,src/llama-batch.h.tqbak,src/llama-context.cpp.tqbak,src/llama-context.h.tqbak,src/llama-cparams.h.tqbak,src/llama-graph.cpp.tqbak,src/llama-graph.h.tqbak,src/llama-impl.h.tqbak,src/llama-kv-cache-dsa.cpp.tqbak,src/llama-kv-cache-iswa.cpp.tqbak,src/llama-kv-cache-iswa.h.tqbak,src/llama-kv-cache.cpp.tqbak,src/llama-kv-cache.h.tqbak,src/llama-memory-hybrid-iswa.cpp.tqbak,src/llama-memory-hybrid.cpp.tqbak,src/llama-memory-recurrent.cpp.tqbak,src/llama-model-loader.cpp.tqbak,src/llama-model.cpp.tqbak,src/llama-model.h.tqbak	present_exact_or_equivalent_in_tree	PORTED_EXACT_TREE	1	PORTED_DIFFERENTLY	src/llama-arch.cpp.tqbak: commit is represented in tree/history by exact or patch-equivalent integration.
3cfaaf4b2e3a0d562e7463b6690fffdec8b78f53	remove unintended build-xcframework.sh deletion from ds4 branch	build-xcframework.sh	patch_equivalent_in_history	PORTED_PATCH_EQ_HISTORY	0	PORTED_DIFFERENTLY	build-xcframework.sh: commit is represented in tree/history by exact or patch-equivalent integration.
be9e53b53f137d65cf675c7fdc7f7848add652ce	address all PR review comments for DSV4 port	ggml/include/ggml-rpc.h,ggml/src/ggml-cpu/ggml-cpu.c,ggml/src/ggml-cpu/ops.cpp,ggml/src/ggml-cuda/dsv4-hc.cu,logs/oscar-bias/diag-20260728-152516/report.tsv,logs/oscar-bias/diag-20260728-152516/run-A1-f16/meta.txt,logs/oscar-bias/diag-20260728-155539/report.tsv,logs/oscar-bias/diag-20260728-155539/run-A1-f16/meta.txt,scripts/oscar-bias-diag.sh,src/llama-arch.h,src/llama-graph.cpp,src/llama-graph.h,src/llama-kv-cache.cpp,tests/test-backend-ops.cpp,tests/test-llama-archs.cpp	patch_equivalent_in_history	PORTED_PATCH_EQ_HISTORY	1	PORTED_DIFFERENTLY	ggml/include/ggml-rpc.h: commit is represented in tree/history by exact or patch-equivalent integration.
241e28e83c43c7f208a9ff14233bc98a2ae066e7	deepseek4 : fix compile errors, remove OSCAR debris, skip synthetic arch test	ggml/src/ggml-cpu/ops.cpp,logs/oscar-bias/diag-20260728-152516/report.tsv,logs/oscar-bias/diag-20260728-152516/run-A1-f16/meta.txt,logs/oscar-bias/diag-20260728-155539/report.tsv,logs/oscar-bias/diag-20260728-155539/run-A1-f16/meta.txt,scripts/oscar-bias-diag.sh,src/llama-model-saver.cpp,src/models/deepseek4.cpp,tests/test-llama-archs.cpp	patch_equivalent_in_history	PORTED_PATCH_EQ_HISTORY	1	PORTED_DIFFERENTLY	ggml/src/ggml-cpu/ops.cpp: commit is represented in tree/history by exact or patch-equivalent integration.
f8ef9c4e51a64e2f3281546ccc80fd0cde559ef6	ds4 : port 3 upstream commits, fix compile errors, skip synthetic arch test	ggml/src/ggml-backend.cpp,src/llama-arch.cpp,src/llama-kv-cache-dsv4.cpp,src/models/deepseek4.cpp,tests/test-llama-archs.cpp	patch_equivalent_in_history	PORTED_PATCH_EQ_HISTORY	1	PORTED_DIFFERENTLY	ggml/src/ggml-backend.cpp: commit is represented in tree/history by exact or patch-equivalent integration.
22b9d3c859dfcb0cd51ca069d994e131368ec24a	ds4 : add DeepSeek-V4-Flash chat template from unsloth HF repo	models/templates/deepseek-ai-DeepSeek-V4-Flash.jinja,src/llama-chat.cpp,src/llama-chat.h	patch_equivalent_in_history	PORTED_PATCH_EQ_HISTORY	1	PORTED_DIFFERENTLY	models/templates/deepseek-ai-DeepSeek-V4-Flash.jinja: commit is represented in tree/history by exact or patch-equivalent integration.
59145a4fa493695410438ea9a0071d0939c57619	Merge pull request #224 from giveen/ds4	ggml/src/ggml-cuda/ggml-cuda.cu	patch_equivalent_in_history	PORTED_PATCH_EQ_HISTORY	1	PORTED_DIFFERENTLY	ggml/src/ggml-cuda/ggml-cuda.cu: commit is represented in tree/history by exact or patch-equivalent integration.
11a8377bdcfaf5c8120b1e52edc87e73fa3ee13c	vulkan: fix turbo3 signs ballot packing on wave64 subgroups (#241)	ggml/src/ggml-vulkan/vulkan-shaders/copy_to_quant.comp	patch_equivalent_in_history	PORTED_PATCH_EQ_HISTORY	1	PORTED_DIFFERENTLY	ggml/src/ggml-vulkan/vulkan-shaders/copy_to_quant.comp: commit is represented in tree/history by exact or patch-equivalent integration.
8a891f4b566efdbd3cea92fafee3227a0a267683	Merge pull request #243 from TheTom/fix/vulkan-turbo3-flat-dequant-241		patch_equivalent_in_history	PORTED_PATCH_EQ_HISTORY	0	PORTED_DIFFERENTLY	multiple files: commit is represented in tree/history by exact or patch-equivalent integration.
